"rootPath","scannedAt","relativePath","fileName","baseName","fullPath","extension","size","modifiedAt"
"C:\","2026-10-08T20:48:23.337Z","AGG. 2025 X PC CALCIO 7\CALCIO7\SFX\MONITORUP.WAV","MONITORUP.WAV","MONITORUP.WAV","C:\AGG. 2025 X PC CALCIO 7\CALCIO7\SFX\MONITORUP.WAV",".wav","8554","2025-11-18T01:00:00.000Z"
"C:\","2026-10-08T20:48:23.337Z","AGG. 2025 X PC CALCIO 7\CALCIO7\SONIDOS\CLICK_3.WAV","CLICK_3.WAV","CLICK_3.WAV","C:\AGG. 2025 X PC CALCIO 7\CALCIO7\SONIDOS\CLICK_3.WAV",".wav","2274","2025-11-18T01:00:00.000Z"
"C:\","2026-10-08T20:48:23.337Z","AGG. 2025 X PC CALCIO 7\CALCIO7\SONIDOS\CLICK_4.WAV","CLICK_4.WAV","CLICK_4.WAV","C:\AGG. 2025 X PC CALCIO 7\CALCIO7\SONIDOS\CLICK_4.WAV",".wav","1270","2025-11-18T01:00:00.000Z"
"C:\","2026-10-08T20:48:23.337Z","Program Files (x86)\Android\android-sdk\platforms\android-36\data\res\raw\fallbackring.ogg","fallbackring.ogg","fallbackring","C:\Program Files (x86)\Android\android-sdk\platforms\android-36\data\res\raw\fallbackring.ogg",".ogg","14611","2007-12-31T23:00:00.000Z"
"C:\","2026-10-08T20:48:23.337Z","Program Files (x86)\HP\HP Support Framework\Resources\HPAudioCheck\Resources\media\HPAudioCheck.mp3","HPAudioCheck.mp3","HPAudioCheck","C:\Program Files (x86)\HP\HP Support Framework\Resources\HPAudioCheck\Resources\media\HPAudioCheck.mp3",".mp3","164768","2026-08-13T00:52:24.000Z"
"C:\","2026-10-08T20:48:23.337Z","Program Files (x86)\HP\HPX Support\Resources\HPAudioCheck\Resources\media\HPAudioCheck.mp3","HPAudioCheck.mp3","HPAudioCheck","C:\Program Files (x86)\HP\HPX Support\Resources\HPAudioCheck\Resources\media\HPAudioCheck.mp3",".mp3","164768","2024-05-22T21:00:28.828Z"
"C:\","2026-10-08T20:48:23.337Z","Program Files (x86)\Microsoft Visual Studio\2022\BuildTools\Common7\IDE\CommonExtensions\Microsoft\Editor\Assets\breakpoint.wav","breakpoint.wav","breakpoint","C:\Program Files (x86)\Microsoft Visual Studio\2022\BuildTools\Common7\IDE\CommonExtensions\Microsoft\Editor\Assets\breakpoint.wav",".wav","89460","2026-10-08T20:20:31.361Z"
"C:\","2026-10-08T20:48:23.337Z","Program Files (x86)\Microsoft Visual Studio\2022\BuildTools\Common7\IDE\CommonExtensions\Microsoft\Editor\Assets\error.wav","error.wav","error","C:\Program Files (x86)\Microsoft Visual Studio\2022\BuildTools\Common7\IDE\CommonExtensions\Microsoft\Editor\Assets\error.wav",".wav","88044","2026-10-08T20:20:31.362Z"
"C:\","2026-10-08T20:48:23.337Z","Program Files (x86)\Microsoft Visual Studio\2022\BuildTools\Common7\IDE\CommonExtensions\Microsoft\Editor\Assets\lineAdd_17_3.wav","lineAdd_17_3.wav","lineAdd_17_3","C:\Program Files (x86)\Microsoft Visual Studio\2022\BuildTools\Common7\IDE\CommonExtensions\Microsoft\Editor\Assets\lineAdd_17_3.wav",".wav","385084","2026-10-08T20:20:31.365Z"
"C:\","2026-10-08T20:48:23.337Z","Program Files (x86)\Microsoft Visual Studio\2022\BuildTools\Common7\IDE\CommonExtensions\Microsoft\Editor\Assets\lineAdd_17_6.wav","lineAdd_17_6.wav","lineAdd_17_6","C:\Program Files (x86)\Microsoft Visual Studio\2022\BuildTools\Common7\IDE\CommonExtensions\Microsoft\Editor\Assets\lineAdd_17_6.wav",".wav","380548","2026-10-08T20:20:31.368Z"
"C:\","2026-10-08T20:48:23.337Z","Program Files (x86)\Microsoft Visual Studio\2022\BuildTools\Common7\IDE\CommonExtensions\Microsoft\Editor\Assets\lineDelete_17_3.wav","lineDelete_17_3.wav","lineDelete_17_3","C:\Program Files (x86)\Microsoft Visual Studio\2022\BuildTools\Common7\IDE\CommonExtensions\Microsoft\Editor\Assets\lineDelete_17_3.wav",".wav","385084","2026-10-08T20:20:31.370Z"
"C:\","2026-10-08T20:48:23.337Z","Program Files (x86)\Microsoft Visual Studio\2022\BuildTools\Common7\IDE\CommonExtensions\Microsoft\Editor\Assets\lineDelete_17_6.wav","lineDelete_17_6.wav","lineDelete_17_6","C:\Program Files (x86)\Microsoft Visual Studio\2022\BuildTools\Common7\IDE\CommonExtensions\Microsoft\Editor\Assets\lineDelete_17_6.wav",".wav","380834","2026-10-08T20:20:31.374Z"
"C:\","2026-10-08T20:48:23.337Z","Program Files (x86)\Microsoft Visual Studio\2022\BuildTools\Common7\IDE\CommonExtensions\Microsoft\Editor\Assets\warning.wav","warning.wav","warning","C:\Program Files (x86)\Microsoft Visual Studio\2022\BuildTools\Common7\IDE\CommonExtensions\Microsoft\Editor\Assets\warning.wav",".wav","88232","2026-10-08T20:20:31.376Z"
"C:\","2026-10-08T20:48:23.337Z","Program Files (x86)\Microsoft Visual Studio\2022\BuildTools\Common7\IDE\CommonExtensions\Platform\Guide\Content\Images\CopilotWalkthrough\2Walkthrough_2_1_AskGeneralQuestion-ezgif.com-gif-to-mp4-converter.mp4","2Walkthrough_2_1_AskGeneralQuestion-ezgif.com-gif-to-mp4-converter.mp4","2Walkthrough_2_1_AskGeneralQuestion-ezgif.com-gif-to-mp4-converter","C:\Program Files (x86)\Microsoft Visual Studio\2022\BuildTools\Common7\IDE\CommonExtensions\Platform\Guide\Content\Images\CopilotWalkthrough\2Walkthrough_2_1_AskGeneralQuestion-ezgif.com-gif-to-mp4-converter.mp4",".mp4","329288","2026-10-08T20:20:29.637Z"
"C:\","2026-10-08T20:48:23.337Z","Program Files (x86)\Microsoft Visual Studio\2022\BuildTools\Common7\IDE\CommonExtensions\Platform\Guide\Content\Images\CopilotWalkthrough\2Walkthrough_2_2_SlashReferences-ezgif.com-gif-to-mp4-converter.mp4","2Walkthrough_2_2_SlashReferences-ezgif.com-gif-to-mp4-converter.mp4","2Walkthrough_2_2_SlashReferences-ezgif.com-gif-to-mp4-converter","C:\Program Files (x86)\Microsoft Visual Studio\2022\BuildTools\Common7\IDE\CommonExtensions\Platform\Guide\Content\Images\CopilotWalkthrough\2Walkthrough_2_2_SlashReferences-ezgif.com-gif-to-mp4-converter.mp4",".mp4","1055708","2026-10-08T20:20:29.645Z"
"C:\","2026-10-08T20:48:23.337Z","Program Files (x86)\Microsoft Visual Studio\2022\BuildTools\Common7\IDE\CommonExtensions\Platform\Guide\Content\Images\CopilotWalkthrough\2Walkthrough_2_3_OpenChat-ezgif.com-gif-to-mp4-converter.mp4","2Walkthrough_2_3_OpenChat-ezgif.com-gif-to-mp4-converter.mp4","2Walkthrough_2_3_OpenChat-ezgif.com-gif-to-mp4-converter","C:\Program Files (x86)\Microsoft Visual Studio\2022\BuildTools\Common7\IDE\CommonExtensions\Platform\Guide\Content\Images\CopilotWalkthrough\2Walkthrough_2_3_OpenChat-ezgif.com-gif-to-mp4-converter.mp4",".mp4","63734","2026-10-08T20:20:29.646Z"
"C:\","2026-10-08T20:48:23.337Z","Program Files (x86)\Microsoft Visual Studio\2022\BuildTools\Common7\IDE\CommonExtensions\Platform\Guide\Content\Images\CopilotWalkthrough\2Walkthrough_Exception_Analysis-ezgif.com-gif-to-mp4-converter.mp4","2Walkthrough_Exception_Analysis-ezgif.com-gif-to-mp4-converter.mp4","2Walkthrough_Exception_Analysis-ezgif.com-gif-to-mp4-converter","C:\Program Files (x86)\Microsoft Visual Studio\2022\BuildTools\Common7\IDE\CommonExtensions\Platform\Guide\Content\Images\CopilotWalkthrough\2Walkthrough_Exception_Analysis-ezgif.com-gif-to-mp4-converter.mp4",".mp4","107735","2026-10-08T20:20:29.647Z"
"C:\","2026-10-08T20:48:23.337Z","Program Files (x86)\Microsoft Visual Studio\2022\BuildTools\Common7\IDE\CommonExtensions\Platform\Guide\Content\Images\CopilotWalkthrough\Walkthrough_1_1_SignIn.mp4","Walkthrough_1_1_SignIn.mp4","Walkthrough_1_1_SignIn","C:\Program Files (x86)\Microsoft Visual Studio\2022\BuildTools\Common7\IDE\CommonExtensions\Platform\Guide\Content\Images\CopilotWalkthrough\Walkthrough_1_1_SignIn.mp4",".mp4","40583","2026-10-08T20:20:29.652Z"
"C:\","2026-10-08T20:48:23.337Z","Program Files (x86)\Microsoft Visual Studio\2022\BuildTools\Common7\IDE\CommonExtensions\Platform\Guide\Content\Images\CopilotWalkthrough\Walkthrough_2_1_AskGeneralQuestion.mp4","Walkthrough_2_1_AskGeneralQuestion.mp4","Walkthrough_2_1_AskGeneralQuestion","C:\Program Files (x86)\Microsoft Visual Studio\2022\BuildTools\Common7\IDE\CommonExtensions\Platform\Guide\Content\Images\CopilotWalkthrough\Walkthrough_2_1_AskGeneralQuestion.mp4",".mp4","769192","2026-10-08T20:20:29.657Z"
"C:\","2026-10-08T20:48:23.337Z","Program Files (x86)\Microsoft Visual Studio\2022\BuildTools\Common7\IDE\CommonExtensions\Platform\Guide\Content\Images\CopilotWalkthrough\Walkthrough_2_2_SlashandReferences.mp4","Walkthrough_2_2_SlashandReferences.mp4","Walkthrough_2_2_SlashandReferences","C:\Program Files (x86)\Microsoft Visual Studio\2022\BuildTools\Common7\IDE\CommonExtensions\Platform\Guide\Content\Images\CopilotWalkthrough\Walkthrough_2_2_SlashandReferences.mp4",".mp4","683910","2026-10-08T20:20:29.666Z"
"C:\","2026-10-08T20:48:23.337Z","Program Files (x86)\Microsoft Visual Studio\2022\BuildTools\Common7\IDE\CommonExtensions\Platform\Guide\Content\Images\CopilotWalkthrough\Walkthrough_3_1_InlineExample-ezgif.com-gif-to-mp4-converter.mp4","Walkthrough_3_1_InlineExample-ezgif.com-gif-to-mp4-converter.mp4","Walkthrough_3_1_InlineExample-ezgif.com-gif-to-mp4-converter","C:\Program Files (x86)\Microsoft Visual Studio\2022\BuildTools\Common7\IDE\CommonExtensions\Platform\Guide\Content\Images\CopilotWalkthrough\Walkthrough_3_1_InlineExample-ezgif.com-gif-to-mp4-converter.mp4",".mp4","429396","2026-10-08T20:20:29.669Z"
"C:\","2026-10-08T20:48:23.337Z","Program Files (x86)\Microsoft Visual Studio\2022\BuildTools\Common7\IDE\CommonExtensions\Platform\Guide\Content\Images\CopilotWalkthrough\Walkthrough_3_1_InlineExample.mp4","Walkthrough_3_1_InlineExample.mp4","Walkthrough_3_1_InlineExample","C:\Program Files (x86)\Microsoft Visual Studio\2022\BuildTools\Common7\IDE\CommonExtensions\Platform\Guide\Content\Images\CopilotWalkthrough\Walkthrough_3_1_InlineExample.mp4",".mp4","429396","2026-10-08T20:20:29.673Z"
"C:\","2026-10-08T20:48:23.337Z","Program Files (x86)\Microsoft Visual Studio\2022\BuildTools\Common7\IDE\CommonExtensions\Platform\Guide\Content\Images\CopilotWalkthrough\Walkthrough_4_1_Context.mp4","Walkthrough_4_1_Context.mp4","Walkthrough_4_1_Context","C:\Program Files (x86)\Microsoft Visual Studio\2022\BuildTools\Common7\IDE\CommonExtensions\Platform\Guide\Content\Images\CopilotWalkthrough\Walkthrough_4_1_Context.mp4",".mp4","519105","2026-10-08T20:20:29.678Z"
"C:\","2026-10-08T20:48:23.337Z","Program Files (x86)\Microsoft Visual Studio\2022\BuildTools\Common7\IDE\CommonExtensions\Platform\Guide\Content\Images\CopilotWalkthrough\Walkthrough_AutoRename-ezgif.com-gif-to-mp4-converter.mp4","Walkthrough_AutoRename-ezgif.com-gif-to-mp4-converter.mp4","Walkthrough_AutoRename-ezgif.com-gif-to-mp4-converter","C:\Program Files (x86)\Microsoft Visual Studio\2022\BuildTools\Common7\IDE\CommonExtensions\Platform\Guide\Content\Images\CopilotWalkthrough\Walkthrough_AutoRename-ezgif.com-gif-to-mp4-converter.mp4",".mp4","457796","2026-10-08T20:20:29.683Z"
"C:\","2026-10-08T20:48:23.337Z","Program Files (x86)\Microsoft Visual Studio\2022\BuildTools\Common7\IDE\CommonExtensions\Platform\Guide\Content\Images\CopilotWalkthrough\Walkthrough_AutoRename.mp4","Walkthrough_AutoRename.mp4","Walkthrough_AutoRename","C:\Program Files (x86)\Microsoft Visual Studio\2022\BuildTools\Common7\IDE\CommonExtensions\Platform\Guide\Content\Images\CopilotWalkthrough\Walkthrough_AutoRename.mp4",".mp4","457796","2026-10-08T20:20:29.687Z"
"C:\","2026-10-08T20:48:23.337Z","Program Files (x86)\Microsoft Visual Studio\2022\BuildTools\Common7\IDE\CommonExtensions\Platform\Guide\Content\Images\CopilotWalkthrough\Walkthrough_Completions.mp4","Walkthrough_Completions.mp4","Walkthrough_Completions","C:\Program Files (x86)\Microsoft Visual Studio\2022\BuildTools\Common7\IDE\CommonExtensions\Platform\Guide\Content\Images\CopilotWalkthrough\Walkthrough_Completions.mp4",".mp4","501222","2026-10-08T20:20:29.690Z"
"C:\","2026-10-08T20:48:23.337Z","Program Files (x86)\Microsoft Visual Studio\2022\BuildTools\Common7\IDE\CommonExtensions\Platform\Guide\Content\Images\CopilotWalkthrough\Walkthrough_ExceptionAnalysis.mp4","Walkthrough_ExceptionAnalysis.mp4","Walkthrough_ExceptionAnalysis","C:\Program Files (x86)\Microsoft Visual Studio\2022\BuildTools\Common7\IDE\CommonExtensions\Platform\Guide\Content\Images\CopilotWalkthrough\Walkthrough_ExceptionAnalysis.mp4",".mp4","108216","2026-10-08T20:20:29.692Z"
"C:\","2026-10-08T20:48:23.337Z","Program Files (x86)\Microsoft Visual Studio\2022\BuildTools\Common7\IDE\CommonExtensions\Platform\Guide\Content\Images\CopilotWalkthrough\Walkthrough_GenerateGitCommitMessages-ezgif.com-gif-to-mp4-converter.mp4","Walkthrough_GenerateGitCommitMessages-ezgif.com-gif-to-mp4-converter.mp4","Walkthrough_GenerateGitCommitMessages-ezgif.com-gif-to-mp4-converter","C:\Program Files (x86)\Microsoft Visual Studio\2022\BuildTools\Common7\IDE\CommonExtensions\Platform\Guide\Content\Images\CopilotWalkthrough\Walkthrough_GenerateGitCommitMessages-ezgif.com-gif-to-mp4-converter.mp4",".mp4","503793","2026-10-08T20:20:29.695Z"
"C:\","2026-10-08T20:48:23.337Z","Program Files (x86)\Microsoft Visual Studio\2022\BuildTools\Common7\IDE\CommonExtensions\Platform\Guide\Content\Images\CopilotWalkthrough\Walkthrough_GenerateGitCommitMessages.mp4","Walkthrough_GenerateGitCommitMessages.mp4","Walkthrough_GenerateGitCommitMessages","C:\Program Files (x86)\Microsoft Visual Studio\2022\BuildTools\Common7\IDE\CommonExtensions\Platform\Guide\Content\Images\CopilotWalkthrough\Walkthrough_GenerateGitCommitMessages.mp4",".mp4","503793","2026-10-08T20:20:29.698Z"
"C:\","2026-10-08T20:48:23.337Z","Program Files (x86)\Microsoft Visual Studio\2022\BuildTools\Common7\IDE\CommonExtensions\Platform\Guide\Content\Images\Welcome.Cpp\Welcome.Cpp.Editing.Intellisense.mp4","Welcome.Cpp.Editing.Intellisense.mp4","Welcome.Cpp.Editing.Intellisense","C:\Program Files (x86)\Microsoft Visual Studio\2022\BuildTools\Common7\IDE\CommonExtensions\Platform\Guide\Content\Images\Welcome.Cpp\Welcome.Cpp.Editing.Intellisense.mp4",".mp4","501080","2026-10-08T20:20:29.763Z"
"C:\","2026-10-08T20:48:23.337Z","Program Files (x86)\Microsoft Visual Studio\2022\BuildTools\Common7\IDE\CommonExtensions\Platform\Guide\Content\Images\Welcome.Cpp\Welcome.Cpp.QuickActions.mp4","Welcome.Cpp.QuickActions.mp4","Welcome.Cpp.QuickActions","C:\Program Files (x86)\Microsoft Visual Studio\2022\BuildTools\Common7\IDE\CommonExtensions\Platform\Guide\Content\Images\Welcome.Cpp\Welcome.Cpp.QuickActions.mp4",".mp4","776584","2026-10-08T20:20:29.768Z"
"C:\","2026-10-08T20:48:23.337Z","Program Files (x86)\Microsoft Visual Studio\2022\BuildTools\Common7\IDE\CommonExtensions\Platform\Guide\Content\Images\Welcome.CSharp\Welcome.CSharp.Editing.mp4","Welcome.CSharp.Editing.mp4","Welcome.CSharp.Editing","C:\Program Files (x86)\Microsoft Visual Studio\2022\BuildTools\Common7\IDE\CommonExtensions\Platform\Guide\Content\Images\Welcome.CSharp\Welcome.CSharp.Editing.mp4",".mp4","443589","2026-10-08T20:20:29.781Z"
"C:\","2026-10-08T20:48:23.337Z","Program Files (x86)\Microsoft Visual Studio\2022\BuildTools\Common7\IDE\CommonExtensions\Platform\Guide\Content\Images\Welcome.CSharp\Welcome.CSharp.QuickActions.mp4","Welcome.CSharp.QuickActions.mp4","Welcome.CSharp.QuickActions","C:\Program Files (x86)\Microsoft Visual Studio\2022\BuildTools\Common7\IDE\CommonExtensions\Platform\Guide\Content\Images\Welcome.CSharp\Welcome.CSharp.QuickActions.mp4",".mp4","827816","2026-10-08T20:20:29.788Z"
"C:\","2026-10-08T20:48:23.337Z","Program Files (x86)\Microsoft Visual Studio\2022\BuildTools\Common7\IDE\CommonExtensions\Platform\Guide\Content\Images\Welcome.Python\Welcome.Python.Editing.Intellisense.mp4","Welcome.Python.Editing.Intellisense.mp4","Welcome.Python.Editing.Intellisense","C:\Program Files (x86)\Microsoft Visual Studio\2022\BuildTools\Common7\IDE\CommonExtensions\Platform\Guide\Content\Images\Welcome.Python\Welcome.Python.Editing.Intellisense.mp4",".mp4","364647","2026-10-08T20:20:29.803Z"
"C:\","2026-10-08T20:48:23.337Z","Program Files (x86)\Microsoft Visual Studio\2022\BuildTools\Common7\IDE\CommonExtensions\Platform\Guide\Content\Images\Welcome.Python\Welcome.Python.QuickActions.Refactoring.mp4","Welcome.Python.QuickActions.Refactoring.mp4","Welcome.Python.QuickActions.Refactoring","C:\Program Files (x86)\Microsoft Visual Studio\2022\BuildTools\Common7\IDE\CommonExtensions\Platform\Guide\Content\Images\Welcome.Python\Welcome.Python.QuickActions.Refactoring.mp4",".mp4","417454","2026-10-08T20:20:29.806Z"
"C:\","2026-10-08T20:48:23.337Z","Program Files (x86)\Microsoft Visual Studio\2022\BuildTools\Common7\IDE\CommonExtensions\Platform\Guide\Content\Images\Welcome\Welcome.NewProject.mp4","Welcome.NewProject.mp4","Welcome.NewProject","C:\Program Files (x86)\Microsoft Visual Studio\2022\BuildTools\Common7\IDE\CommonExtensions\Platform\Guide\Content\Images\Welcome\Welcome.NewProject.mp4",".mp4","534851","2026-10-08T20:20:29.825Z"
"C:\","2026-10-08T20:48:23.337Z","Program Files (x86)\Microsoft Visual Studio\2022\BuildTools\Common7\IDE\CommonExtensions\Platform\Guide\Content\Images\Welcome\Welcome.Search.mp4","Welcome.Search.mp4","Welcome.Search","C:\Program Files (x86)\Microsoft Visual Studio\2022\BuildTools\Common7\IDE\CommonExtensions\Platform\Guide\Content\Images\Welcome\Welcome.Search.mp4",".mp4","821032","2026-10-08T20:20:29.831Z"
"C:\","2026-10-08T20:48:23.337Z","Program Files (x86)\Microsoft Visual Studio\2022\BuildTools\Common7\IDE\CommonExtensions\Platform\Guide\Content\Images\Welcome\Welcome.Themes.mp4","Welcome.Themes.mp4","Welcome.Themes","C:\Program Files (x86)\Microsoft Visual Studio\2022\BuildTools\Common7\IDE\CommonExtensions\Platform\Guide\Content\Images\Welcome\Welcome.Themes.mp4",".mp4","300592","2026-10-08T20:20:29.838Z"
"C:\","2026-10-08T20:48:23.337Z","Program Files (x86)\Microsoft Visual Studio\2022\BuildTools\Common7\IDE\CommonExtensions\Platform\Guide\Content\Images\Welcome\Welcome.WindowLayout.mp4","Welcome.WindowLayout.mp4","Welcome.WindowLayout","C:\Program Files (x86)\Microsoft Visual Studio\2022\BuildTools\Common7\IDE\CommonExtensions\Platform\Guide\Content\Images\Welcome\Welcome.WindowLayout.mp4",".mp4","1350105","2026-10-08T20:20:29.846Z"
"C:\","2026-10-08T20:48:23.337Z","Program Files (x86)\Microsoft\Copilot\Application\undocked_copilot\Assets\Audio\Startup.wav","Startup.wav","Startup","C:\Program Files (x86)\Microsoft\Copilot\Application\undocked_copilot\Assets\Audio\Startup.wav",".wav","83812","2026-10-04T16:40:22.000Z"
"C:\","2026-10-08T20:48:23.337Z","Program Files (x86)\Microsoft\Copilot\Application\undocked_copilot\Assets\Audio\Thinking.wav","Thinking.wav","Thinking","C:\Program Files (x86)\Microsoft\Copilot\Application\undocked_copilot\Assets\Audio\Thinking.wav",".wav","199582","2026-10-04T16:40:22.000Z"
"C:\","2026-10-08T20:48:23.337Z","Program Files\Adobe\Acrobat DC\Acrobat\WebResources\SA\app1\dc-desktop-app-dropin\1.0.0_1.0.0\InProgressAnimation.mp4","InProgressAnimation.mp4","InProgressAnimation","C:\Program Files\Adobe\Acrobat DC\Acrobat\WebResources\SA\app1\dc-desktop-app-dropin\1.0.0_1.0.0\InProgressAnimation.mp4",".mp4","499206","2026-03-25T19:14:10.000Z"
"C:\","2026-10-08T20:48:23.337Z","Program Files\Adobe\Acrobat DC\Acrobat\WebResources\SA\app1\dc-desktop-app-dropin\1.0.0_1.0.0\Onboarding_DarkMp4.mp4","Onboarding_DarkMp4.mp4","Onboarding_DarkMp4","C:\Program Files\Adobe\Acrobat DC\Acrobat\WebResources\SA\app1\dc-desktop-app-dropin\1.0.0_1.0.0\Onboarding_DarkMp4.mp4",".mp4","772795","2026-03-25T19:14:10.000Z"
"C:\","2026-10-08T20:48:23.337Z","Program Files\Adobe\Acrobat DC\Acrobat\WebResources\SA\app1\dc-desktop-app-dropin\1.0.0_1.0.0\ViewProject_dark_en-US.mp4","ViewProject_dark_en-US.mp4","ViewProject_dark_en-US","C:\Program Files\Adobe\Acrobat DC\Acrobat\WebResources\SA\app1\dc-desktop-app-dropin\1.0.0_1.0.0\ViewProject_dark_en-US.mp4",".mp4","1017305","2026-04-29T18:52:40.000Z"
"C:\","2026-10-08T20:48:23.337Z","Program Files\Adobe\Acrobat DC\Acrobat\WebResources\SA\app1\dc-desktop-app-dropin\1.0.0_1.0.0\ViewProject_light_en-US.mp4","ViewProject_light_en-US.mp4","ViewProject_light_en-US","C:\Program Files\Adobe\Acrobat DC\Acrobat\WebResources\SA\app1\dc-desktop-app-dropin\1.0.0_1.0.0\ViewProject_light_en-US.mp4",".mp4","884235","2026-04-29T18:52:40.000Z"
"C:\","2026-10-08T20:48:23.337Z","Program Files\Adobe\Acrobat DC\Acrobat\WebResources\SA\static\js\plugins\on-boarding\videos\whats_new\de-de\UnifiedShareSheet.mp4","UnifiedShareSheet.mp4","UnifiedShareSheet","C:\Program Files\Adobe\Acrobat DC\Acrobat\WebResources\SA\static\js\plugins\on-boarding\videos\whats_new\de-de\UnifiedShareSheet.mp4",".mp4","0","2026-04-29T18:52:42.000Z"
"C:\","2026-10-08T20:48:23.337Z","Program Files\Git\usr\share\mintty\sounds\ambient-drip-lo.wav","ambient-drip-lo.wav","ambient-drip-lo","C:\Program Files\Git\usr\share\mintty\sounds\ambient-drip-lo.wav",".wav","10278","2026-10-05T15:50:00.000Z"
"C:\","2026-10-08T20:48:23.337Z","Program Files\Git\usr\share\mintty\sounds\ambient-drop.wav","ambient-drop.wav","ambient-drop","C:\Program Files\Git\usr\share\mintty\sounds\ambient-drop.wav",".wav","6472","2026-10-05T15:50:00.000Z"
"C:\","2026-10-08T20:48:23.337Z","Program Files\Git\usr\share\mintty\sounds\ambient-glass.wav","ambient-glass.wav","ambient-glass","C:\Program Files\Git\usr\share\mintty\sounds\ambient-glass.wav",".wav","10134","2026-10-05T15:50:00.000Z"
"C:\","2026-10-08T20:48:23.337Z","Program Files\Git\usr\share\mintty\sounds\ambient-splash.wav","ambient-splash.wav","ambient-splash","C:\Program Files\Git\usr\share\mintty\sounds\ambient-splash.wav",".wav","16464","2026-10-05T15:50:00.000Z"
"C:\","2026-10-08T20:48:23.337Z","Program Files\Git\usr\share\mintty\sounds\ambient-swoosh.wav","ambient-swoosh.wav","ambient-swoosh","C:\Program Files\Git\usr\share\mintty\sounds\ambient-swoosh.wav",".wav","4990","2026-10-05T15:50:00.000Z"
"C:\","2026-10-08T20:48:23.337Z","Program Files\Git\usr\share\mintty\sounds\ambient-uncork.wav","ambient-uncork.wav","ambient-uncork","C:\Program Files\Git\usr\share\mintty\sounds\ambient-uncork.wav",".wav","8740","2026-10-05T15:50:00.000Z"
"C:\","2026-10-08T20:48:23.337Z","Program Files\Git\usr\share\mintty\sounds\BOING.WAV","BOING.WAV","BOING.WAV","C:\Program Files\Git\usr\share\mintty\sounds\BOING.WAV",".wav","7832","2026-10-05T15:50:00.000Z"
"C:\","2026-10-08T20:48:23.337Z","Program Files\Git\usr\share\mintty\sounds\keybloop.wav","keybloop.wav","keybloop","C:\Program Files\Git\usr\share\mintty\sounds\keybloop.wav",".wav","184398","2026-10-05T15:50:00.000Z"
"C:\","2026-10-08T20:48:23.337Z","Program Files\Git\usr\share\mintty\sounds\keyblop.wav","keyblop.wav","keyblop","C:\Program Files\Git\usr\share\mintty\sounds\keyblop.wav",".wav","110670","2026-10-05T15:50:00.000Z"
"C:\","2026-10-08T20:48:23.337Z","Program Files\Git\usr\share\mintty\sounds\keypunch.wav","keypunch.wav","keypunch","C:\Program Files\Git\usr\share\mintty\sounds\keypunch.wav",".wav","391758","2026-10-05T15:50:00.000Z"
"C:\","2026-10-08T20:48:23.337Z","Program Files\Git\usr\share\mintty\sounds\keytyping1.wav","keytyping1.wav","keytyping1","C:\Program Files\Git\usr\share\mintty\sounds\keytyping1.wav",".wav","110670","2026-10-05T15:50:00.000Z"
"C:\","2026-10-08T20:48:23.337Z","Program Files\Git\usr\share\mintty\sounds\keytyping2.wav","keytyping2.wav","keytyping2","C:\Program Files\Git\usr\share\mintty\sounds\keytyping2.wav",".wav","179790","2026-10-05T15:50:00.000Z"
"C:\","2026-10-08T20:48:23.337Z","Program Files\Git\usr\share\mintty\sounds\keytyping3.wav","keytyping3.wav","keytyping3","C:\Program Files\Git\usr\share\mintty\sounds\keytyping3.wav",".wav","129102","2026-10-05T15:50:00.000Z"
"C:\","2026-10-08T20:48:23.337Z","Program Files\Git\usr\share\mintty\sounds\keytyping4.wav","keytyping4.wav","keytyping4","C:\Program Files\Git\usr\share\mintty\sounds\keytyping4.wav",".wav","313422","2026-10-05T15:50:00.000Z"
"C:\","2026-10-08T20:48:23.337Z","Program Files\Git\usr\share\mintty\sounds\keytyping5.wav","keytyping5.wav","keytyping5","C:\Program Files\Git\usr\share\mintty\sounds\keytyping5.wav",".wav","248910","2026-10-05T15:50:00.000Z"
"C:\","2026-10-08T20:48:23.337Z","Program Files\Git\usr\share\mintty\sounds\percussive-bongo-hi.wav","percussive-bongo-hi.wav","percussive-bongo-hi","C:\Program Files\Git\usr\share\mintty\sounds\percussive-bongo-hi.wav",".wav","12346","2026-10-05T15:50:00.000Z"
"C:\","2026-10-08T20:48:23.337Z","Program Files\Git\usr\share\mintty\sounds\percussive-bongo-lo.wav","percussive-bongo-lo.wav","percussive-bongo-lo","C:\Program Files\Git\usr\share\mintty\sounds\percussive-bongo-lo.wav",".wav","12682","2026-10-05T15:50:00.000Z"
"C:\","2026-10-08T20:48:23.337Z","Program Files\Git\usr\share\mintty\sounds\percussive-gong.wav","percussive-gong.wav","percussive-gong","C:\Program Files\Git\usr\share\mintty\sounds\percussive-gong.wav",".wav","10014","2026-10-05T15:50:00.000Z"
"C:\","2026-10-08T20:48:23.337Z","Program Files\Git\usr\share\mintty\sounds\percussive-knock.wav","percussive-knock.wav","percussive-knock","C:\Program Files\Git\usr\share\mintty\sounds\percussive-knock.wav",".wav","5514","2026-10-05T15:50:00.000Z"
"C:\","2026-10-08T20:48:23.337Z","Program Files\Git\usr\share\mintty\sounds\percussive-synthkick-lo.wav","percussive-synthkick-lo.wav","percussive-synthkick-lo","C:\Program Files\Git\usr\share\mintty\sounds\percussive-synthkick-lo.wav",".wav","15820","2026-10-05T15:50:00.000Z"
"C:\","2026-10-08T20:48:23.337Z","Program Files\Git\usr\share\mintty\sounds\resonant-flute.wav","resonant-flute.wav","resonant-flute","C:\Program Files\Git\usr\share\mintty\sounds\resonant-flute.wav",".wav","11340","2026-10-05T15:50:00.000Z"
"C:\","2026-10-08T20:48:23.337Z","Program Files\Git\usr\share\mintty\sounds\resonant-organ.wav","resonant-organ.wav","resonant-organ","C:\Program Files\Git\usr\share\mintty\sounds\resonant-organ.wav",".wav","16102","2026-10-05T15:50:00.000Z"
"C:\","2026-10-08T20:48:23.337Z","Program Files\Git\usr\share\mintty\sounds\resonant-reverb.wav","resonant-reverb.wav","resonant-reverb","C:\Program Files\Git\usr\share\mintty\sounds\resonant-reverb.wav",".wav","15174","2026-10-05T15:50:00.000Z"
"C:\","2026-10-08T20:48:23.337Z","Program Files\Git\usr\share\mintty\sounds\resonant-twang.wav","resonant-twang.wav","resonant-twang","C:\Program Files\Git\usr\share\mintty\sounds\resonant-twang.wav",".wav","14304","2026-10-05T15:50:00.000Z"
"C:\","2026-10-08T20:48:23.337Z","Program Files\Git\usr\share\mintty\sounds\synthetic-bass.wav","synthetic-bass.wav","synthetic-bass","C:\Program Files\Git\usr\share\mintty\sounds\synthetic-bass.wav",".wav","10470","2026-10-05T15:50:00.000Z"
"C:\","2026-10-08T20:48:23.337Z","Program Files\Git\usr\share\mintty\sounds\synthetic-gib.wav","synthetic-gib.wav","synthetic-gib","C:\Program Files\Git\usr\share\mintty\sounds\synthetic-gib.wav",".wav","9302","2026-10-05T15:50:00.000Z"
"C:\","2026-10-08T20:48:23.337Z","Program Files\Git\usr\share\mintty\sounds\synthetic-honk.wav","synthetic-honk.wav","synthetic-honk","C:\Program Files\Git\usr\share\mintty\sounds\synthetic-honk.wav",".wav","17912","2026-10-05T15:50:00.000Z"
"C:\","2026-10-08T20:48:23.337Z","Program Files\Git\usr\share\mintty\sounds\synthetic-intruder.wav","synthetic-intruder.wav","synthetic-intruder","C:\Program Files\Git\usr\share\mintty\sounds\synthetic-intruder.wav",".wav","15674","2026-10-05T15:50:00.000Z"
"C:\","2026-10-08T20:48:23.337Z","Program Files\Git\usr\share\mintty\sounds\synthetic-rave.wav","synthetic-rave.wav","synthetic-rave","C:\Program Files\Git\usr\share\mintty\sounds\synthetic-rave.wav",".wav","14876","2026-10-05T15:50:00.000Z"
"C:\","2026-10-08T20:48:23.337Z","Program Files\Git\usr\share\mintty\sounds\synthetic-select.wav","synthetic-select.wav","synthetic-select","C:\Program Files\Git\usr\share\mintty\sounds\synthetic-select.wav",".wav","14122","2026-10-05T15:50:00.000Z"
"C:\","2026-10-08T20:48:23.337Z","Program Files\Git\usr\share\mintty\sounds\synthetic-spike.wav","synthetic-spike.wav","synthetic-spike","C:\Program Files\Git\usr\share\mintty\sounds\synthetic-spike.wav",".wav","15210","2026-10-05T15:50:00.000Z"
"C:\","2026-10-08T20:48:23.337Z","Program Files\Git\usr\share\mintty\sounds\synthetic-sproing.wav","synthetic-sproing.wav","synthetic-sproing","C:\Program Files\Git\usr\share\mintty\sounds\synthetic-sproing.wav",".wav","14716","2026-10-05T15:50:00.000Z"
"C:\","2026-10-08T20:48:23.337Z","Program Files\Git\usr\share\mintty\sounds\synthetic-square.wav","synthetic-square.wav","synthetic-square","C:\Program Files\Git\usr\share\mintty\sounds\synthetic-square.wav",".wav","5480","2026-10-05T15:50:00.000Z"
"C:\","2026-10-08T20:48:23.337Z","Program Files\Git\usr\share\mintty\sounds\vocal-boo.wav","vocal-boo.wav","vocal-boo","C:\Program Files\Git\usr\share\mintty\sounds\vocal-boo.wav",".wav","11258","2026-10-05T15:50:00.000Z"
"C:\","2026-10-08T20:48:23.337Z","Program Files\Git\usr\share\mintty\sounds\vocal-hah.wav","vocal-hah.wav","vocal-hah","C:\Program Files\Git\usr\share\mintty\sounds\vocal-hah.wav",".wav","13474","2026-10-05T15:50:00.000Z"
"C:\","2026-10-08T20:48:23.337Z","Program Files\Git\usr\share\mintty\sounds\vocal-yip.wav","vocal-yip.wav","vocal-yip","C:\Program Files\Git\usr\share\mintty\sounds\vocal-yip.wav",".wav","7510","2026-10-05T15:50:00.000Z"
"C:\","2026-10-08T20:48:23.337Z","Program Files\Microsoft Office\root\CLIPART\PUB60COR\BABY_01.MID","BABY_01.MID","BABY_01.MID","C:\Program Files\Microsoft Office\root\CLIPART\PUB60COR\BABY_01.MID",".mid","7384","2023-07-11T11:51:42.438Z"
"C:\","2026-10-08T20:48:23.337Z","Program Files\Microsoft Office\root\CLIPART\PUB60COR\CARBN_01.MID","CARBN_01.MID","CARBN_01.MID","C:\Program Files\Microsoft Office\root\CLIPART\PUB60COR\CARBN_01.MID",".mid","9322","2023-07-11T11:51:42.578Z"
"C:\","2026-10-08T20:48:23.337Z","Program Files\Microsoft Office\root\CLIPART\PUB60COR\CMNTY_01.MID","CMNTY_01.MID","CMNTY_01.MID","C:\Program Files\Microsoft Office\root\CLIPART\PUB60COR\CMNTY_01.MID",".mid","6970","2023-07-11T11:51:42.578Z"
"C:\","2026-10-08T20:48:23.337Z","Program Files\Microsoft Office\root\CLIPART\PUB60COR\EAST_01.MID","EAST_01.MID","EAST_01.MID","C:\Program Files\Microsoft Office\root\CLIPART\PUB60COR\EAST_01.MID",".mid","6165","2023-07-11T11:51:42.719Z"
"C:\","2026-10-08T20:48:23.337Z","Program Files\Microsoft Office\root\CLIPART\PUB60COR\EXPLR_01.MID","EXPLR_01.MID","EXPLR_01.MID","C:\Program Files\Microsoft Office\root\CLIPART\PUB60COR\EXPLR_01.MID",".mid","10562","2023-07-11T11:51:42.750Z"
"C:\","2026-10-08T20:48:23.337Z","Program Files\Microsoft Office\root\CLIPART\PUB60COR\FALL_01.MID","FALL_01.MID","FALL_01.MID","C:\Program Files\Microsoft Office\root\CLIPART\PUB60COR\FALL_01.MID",".mid","4846","2023-07-11T11:51:42.750Z"
"C:\","2026-10-08T20:48:23.337Z","Program Files\Microsoft Office\root\CLIPART\PUB60COR\FINCL_01.MID","FINCL_01.MID","FINCL_01.MID","C:\Program Files\Microsoft Office\root\CLIPART\PUB60COR\FINCL_01.MID",".mid","12981","2023-07-11T11:51:42.828Z"
"C:\","2026-10-08T20:48:23.337Z","Program Files\Microsoft Office\root\CLIPART\PUB60COR\FINCL_02.MID","FINCL_02.MID","FINCL_02.MID","C:\Program Files\Microsoft Office\root\CLIPART\PUB60COR\FINCL_02.MID",".mid","9318","2023-07-11T11:51:42.828Z"
"C:\","2026-10-08T20:48:23.337Z","Program Files\Microsoft Office\root\CLIPART\PUB60COR\GRDEN_01.MID","GRDEN_01.MID","GRDEN_01.MID","C:\Program Files\Microsoft Office\root\CLIPART\PUB60COR\GRDEN_01.MID",".mid","7567","2023-07-11T11:51:42.844Z"
"C:\","2026-10-08T20:48:23.337Z","Program Files\Microsoft Office\root\CLIPART\PUB60COR\GRID_01.MID","GRID_01.MID","GRID_01.MID","C:\Program Files\Microsoft Office\root\CLIPART\PUB60COR\GRID_01.MID",".mid","6331","2023-07-11T11:51:42.844Z"
"C:\","2026-10-08T20:48:23.337Z","Program Files\Microsoft Office\root\CLIPART\PUB60COR\HTECH_01.MID","HTECH_01.MID","HTECH_01.MID","C:\Program Files\Microsoft Office\root\CLIPART\PUB60COR\HTECH_01.MID",".mid","7178","2023-07-11T11:51:42.922Z"
"C:\","2026-10-08T20:48:23.337Z","Program Files\Microsoft Office\root\CLIPART\PUB60COR\INDST_01.MID","INDST_01.MID","INDST_01.MID","C:\Program Files\Microsoft Office\root\CLIPART\PUB60COR\INDST_01.MID",".mid","8568","2023-07-11T11:51:42.953Z"
"C:\","2026-10-08T20:48:23.337Z","Program Files\Microsoft Office\root\CLIPART\PUB60COR\JAVA_01.MID","JAVA_01.MID","JAVA_01.MID","C:\Program Files\Microsoft Office\root\CLIPART\PUB60COR\JAVA_01.MID",".mid","9797","2023-07-11T11:51:44.453Z"
"C:\","2026-10-08T20:48:23.337Z","Program Files\Microsoft Office\root\CLIPART\PUB60COR\JNGLE_01.MID","JNGLE_01.MID","JNGLE_01.MID","C:\Program Files\Microsoft Office\root\CLIPART\PUB60COR\JNGLE_01.MID",".mid","5843","2023-07-11T11:51:44.453Z"
"C:\","2026-10-08T20:48:23.337Z","Program Files\Microsoft Office\root\CLIPART\PUB60COR\MUSIC_01.MID","MUSIC_01.MID","MUSIC_01.MID","C:\Program Files\Microsoft Office\root\CLIPART\PUB60COR\MUSIC_01.MID",".mid","6880","2023-07-11T11:51:44.453Z"
"C:\","2026-10-08T20:48:23.337Z","Program Files\Microsoft Office\root\CLIPART\PUB60COR\NBOOK_01.MID","NBOOK_01.MID","NBOOK_01.MID","C:\Program Files\Microsoft Office\root\CLIPART\PUB60COR\NBOOK_01.MID",".mid","5968","2023-07-11T11:51:44.734Z"
"C:\","2026-10-08T20:48:23.337Z","Program Files\Microsoft Office\root\CLIPART\PUB60COR\OCEAN_01.MID","OCEAN_01.MID","OCEAN_01.MID","C:\Program Files\Microsoft Office\root\CLIPART\PUB60COR\OCEAN_01.MID",".mid","5440","2023-07-11T11:51:44.734Z"
"C:\","2026-10-08T20:48:23.337Z","Program Files\Microsoft Office\root\CLIPART\PUB60COR\OUTDR_01.MID","OUTDR_01.MID","OUTDR_01.MID","C:\Program Files\Microsoft Office\root\CLIPART\PUB60COR\OUTDR_01.MID",".mid","6644","2023-07-11T11:51:44.734Z"
"C:\","2026-10-08T20:48:23.337Z","Program Files\Microsoft Office\root\CLIPART\PUB60COR\PAPER_01.MID","PAPER_01.MID","PAPER_01.MID","C:\Program Files\Microsoft Office\root\CLIPART\PUB60COR\PAPER_01.MID",".mid","6763","2023-07-11T11:51:44.734Z"
"C:\","2026-10-08T20:48:23.337Z","Program Files\Microsoft Office\root\CLIPART\PUB60COR\PARNT_01.MID","PARNT_01.MID","PARNT_01.MID","C:\Program Files\Microsoft Office\root\CLIPART\PUB60COR\PARNT_01.MID",".mid","6491","2023-07-11T11:51:44.734Z"
"C:\","2026-10-08T20:48:23.337Z","Program Files\Microsoft Office\root\CLIPART\PUB60COR\PARNT_02.MID","PARNT_02.MID","PARNT_02.MID","C:\Program Files\Microsoft Office\root\CLIPART\PUB60COR\PARNT_02.MID",".mid","5714","2023-07-11T11:51:44.750Z"
"C:\","2026-10-08T20:48:23.337Z","Program Files\Microsoft Office\root\CLIPART\PUB60COR\PARNT_03.MID","PARNT_03.MID","PARNT_03.MID","C:\Program Files\Microsoft Office\root\CLIPART\PUB60COR\PARNT_03.MID",".mid","8538","2023-07-11T11:51:44.750Z"
"C:\","2026-10-08T20:48:23.337Z","Program Files\Microsoft Office\root\CLIPART\PUB60COR\PARNT_04.MID","PARNT_04.MID","PARNT_04.MID","C:\Program Files\Microsoft Office\root\CLIPART\PUB60COR\PARNT_04.MID",".mid","6070","2023-07-11T11:51:44.750Z"
"C:\","2026-10-08T20:48:23.337Z","Program Files\Microsoft Office\root\CLIPART\PUB60COR\PARNT_05.MID","PARNT_05.MID","PARNT_05.MID","C:\Program Files\Microsoft Office\root\CLIPART\PUB60COR\PARNT_05.MID",".mid","6020","2023-07-11T11:51:44.750Z"
"C:\","2026-10-08T20:48:23.337Z","Program Files\Microsoft Office\root\CLIPART\PUB60COR\PARNT_06.MID","PARNT_06.MID","PARNT_06.MID","C:\Program Files\Microsoft Office\root\CLIPART\PUB60COR\PARNT_06.MID",".mid","7768","2023-07-11T11:51:44.750Z"
"C:\","2026-10-08T20:48:23.337Z","Program Files\Microsoft Office\root\CLIPART\PUB60COR\PARNT_07.MID","PARNT_07.MID","PARNT_07.MID","C:\Program Files\Microsoft Office\root\CLIPART\PUB60COR\PARNT_07.MID",".mid","6564","2023-07-11T11:51:44.750Z"
"C:\","2026-10-08T20:48:23.337Z","Program Files\Microsoft Office\root\CLIPART\PUB60COR\PARNT_08.MID","PARNT_08.MID","PARNT_08.MID","C:\Program Files\Microsoft Office\root\CLIPART\PUB60COR\PARNT_08.MID",".mid","7347","2023-07-11T11:51:44.750Z"
"C:\","2026-10-08T20:48:23.337Z","Program Files\Microsoft Office\root\CLIPART\PUB60COR\PARNT_09.MID","PARNT_09.MID","PARNT_09.MID","C:\Program Files\Microsoft Office\root\CLIPART\PUB60COR\PARNT_09.MID",".mid","6764","2023-07-11T11:51:44.765Z"
"C:\","2026-10-08T20:48:23.337Z","Program Files\Microsoft Office\root\CLIPART\PUB60COR\PARNT_10.MID","PARNT_10.MID","PARNT_10.MID","C:\Program Files\Microsoft Office\root\CLIPART\PUB60COR\PARNT_10.MID",".mid","5393","2023-07-11T11:51:44.765Z"
"C:\","2026-10-08T20:48:23.337Z","Program Files\Microsoft Office\root\CLIPART\PUB60COR\ROAD_01.MID","ROAD_01.MID","ROAD_01.MID","C:\Program Files\Microsoft Office\root\CLIPART\PUB60COR\ROAD_01.MID",".mid","5983","2023-07-11T11:51:45.172Z"
"C:\","2026-10-08T20:48:23.337Z","Program Files\Microsoft Office\root\CLIPART\PUB60COR\SAFRI_01.MID","SAFRI_01.MID","SAFRI_01.MID","C:\Program Files\Microsoft Office\root\CLIPART\PUB60COR\SAFRI_01.MID",".mid","10122","2023-07-11T11:51:45.172Z"
"C:\","2026-10-08T20:48:23.337Z","Program Files\Microsoft Office\root\CLIPART\PUB60COR\SCHOL_02.MID","SCHOL_02.MID","SCHOL_02.MID","C:\Program Files\Microsoft Office\root\CLIPART\PUB60COR\SCHOL_02.MID",".mid","5058","2023-07-11T11:51:45.172Z"
"C:\","2026-10-08T20:48:23.337Z","Program Files\Microsoft Office\root\CLIPART\PUB60COR\SHOW_01.MID","SHOW_01.MID","SHOW_01.MID","C:\Program Files\Microsoft Office\root\CLIPART\PUB60COR\SHOW_01.MID",".mid","6392","2023-07-11T11:51:45.172Z"
"C:\","2026-10-08T20:48:23.337Z","Program Files\Microsoft Office\root\CLIPART\PUB60COR\SPACE_01.MID","SPACE_01.MID","SPACE_01.MID","C:\Program Files\Microsoft Office\root\CLIPART\PUB60COR\SPACE_01.MID",".mid","4219","2023-07-11T11:51:45.500Z"
"C:\","2026-10-08T20:48:23.337Z","Program Files\Microsoft Office\root\CLIPART\PUB60COR\SPRNG_01.MID","SPRNG_01.MID","SPRNG_01.MID","C:\Program Files\Microsoft Office\root\CLIPART\PUB60COR\SPRNG_01.MID",".mid","6700","2023-07-11T11:51:45.500Z"
"C:\","2026-10-08T20:48:23.337Z","Program Files\Microsoft Office\root\CLIPART\PUB60COR\SUMER_01.MID","SUMER_01.MID","SUMER_01.MID","C:\Program Files\Microsoft Office\root\CLIPART\PUB60COR\SUMER_01.MID",".mid","14044","2023-07-11T11:51:45.500Z"
"C:\","2026-10-08T20:48:23.337Z","Program Files\Microsoft Office\root\CLIPART\PUB60COR\SWEST_01.MID","SWEST_01.MID","SWEST_01.MID","C:\Program Files\Microsoft Office\root\CLIPART\PUB60COR\SWEST_01.MID",".mid","8501","2023-07-11T11:51:45.500Z"
"C:\","2026-10-08T20:48:23.337Z","Program Files\Microsoft Office\root\CLIPART\PUB60COR\URBAN_01.MID","URBAN_01.MID","URBAN_01.MID","C:\Program Files\Microsoft Office\root\CLIPART\PUB60COR\URBAN_01.MID",".mid","13358","2023-07-11T11:51:45.593Z"
"C:\","2026-10-08T20:48:23.337Z","Program Files\Microsoft Office\root\CLIPART\PUB60COR\VCTRN_01.MID","VCTRN_01.MID","VCTRN_01.MID","C:\Program Files\Microsoft Office\root\CLIPART\PUB60COR\VCTRN_01.MID",".mid","4961","2023-07-11T11:51:45.609Z"
"C:\","2026-10-08T20:48:23.337Z","Program Files\Microsoft Office\root\CLIPART\PUB60COR\WNTER_01.MID","WNTER_01.MID","WNTER_01.MID","C:\Program Files\Microsoft Office\root\CLIPART\PUB60COR\WNTER_01.MID",".mid","6915","2023-07-11T11:51:45.687Z"
"C:\","2026-10-08T20:48:23.337Z","Program Files\Microsoft Office\root\Office16\Media\APPLAUSE.WAV","APPLAUSE.WAV","APPLAUSE.WAV","C:\Program Files\Microsoft Office\root\Office16\Media\APPLAUSE.WAV",".wav","28074","2023-07-11T11:51:58.624Z"
"C:\","2026-10-08T20:48:23.337Z","Program Files\Microsoft Office\root\Office16\Media\ARROW.WAV","ARROW.WAV","ARROW.WAV","C:\Program Files\Microsoft Office\root\Office16\Media\ARROW.WAV",".wav","23030","2023-07-11T11:51:58.624Z"
"C:\","2026-10-08T20:48:23.337Z","Program Files\Microsoft Office\root\Office16\Media\BOMB.WAV","BOMB.WAV","BOMB.WAV","C:\Program Files\Microsoft Office\root\Office16\Media\BOMB.WAV",".wav","194166","2023-07-11T11:51:58.639Z"
"C:\","2026-10-08T20:48:23.337Z","Program Files\Microsoft Office\root\Office16\Media\BREEZE.WAV","BREEZE.WAV","BREEZE.WAV","C:\Program Files\Microsoft Office\root\Office16\Media\BREEZE.WAV",".wav","4290","2023-07-11T11:51:58.639Z"
"C:\","2026-10-08T20:48:23.337Z","Program Files\Microsoft Office\root\Office16\Media\CAMERA.WAV","CAMERA.WAV","CAMERA.WAV","C:\Program Files\Microsoft Office\root\Office16\Media\CAMERA.WAV",".wav","5524","2023-07-11T11:51:58.639Z"
"C:\","2026-10-08T20:48:23.337Z","Program Files\Microsoft Office\root\Office16\Media\CASHREG.WAV","CASHREG.WAV","CASHREG.WAV","C:\Program Files\Microsoft Office\root\Office16\Media\CASHREG.WAV",".wav","7551","2023-07-11T11:51:58.639Z"
"C:\","2026-10-08T20:48:23.337Z","Program Files\Microsoft Office\root\Office16\Media\CHIMES.WAV","CHIMES.WAV","CHIMES.WAV","C:\Program Files\Microsoft Office\root\Office16\Media\CHIMES.WAV",".wav","37310","2023-07-11T11:51:58.639Z"
"C:\","2026-10-08T20:48:23.337Z","Program Files\Microsoft Office\root\Office16\Media\CLICK.WAV","CLICK.WAV","CLICK.WAV","C:\Program Files\Microsoft Office\root\Office16\Media\CLICK.WAV",".wav","616","2023-07-11T11:51:58.639Z"
"C:\","2026-10-08T20:48:23.337Z","Program Files\Microsoft Office\root\Office16\Media\COIN.WAV","COIN.WAV","COIN.WAV","C:\Program Files\Microsoft Office\root\Office16\Media\COIN.WAV",".wav","5564","2023-07-11T11:51:58.639Z"
"C:\","2026-10-08T20:48:23.337Z","Program Files\Microsoft Office\root\Office16\Media\DRUMROLL.WAV","DRUMROLL.WAV","DRUMROLL.WAV","C:\Program Files\Microsoft Office\root\Office16\Media\DRUMROLL.WAV",".wav","19426","2023-07-11T11:51:58.639Z"
"C:\","2026-10-08T20:48:23.337Z","Program Files\Microsoft Office\root\Office16\Media\EXPLODE.WAV","EXPLODE.WAV","EXPLODE.WAV","C:\Program Files\Microsoft Office\root\Office16\Media\EXPLODE.WAV",".wav","23584","2023-07-11T11:51:58.639Z"
"C:\","2026-10-08T20:48:23.337Z","Program Files\Microsoft Office\root\Office16\Media\HAMMER.WAV","HAMMER.WAV","HAMMER.WAV","C:\Program Files\Microsoft Office\root\Office16\Media\HAMMER.WAV",".wav","4028","2023-07-11T11:51:58.639Z"
"C:\","2026-10-08T20:48:23.337Z","Program Files\Microsoft Office\root\Office16\Media\LASER.WAV","LASER.WAV","LASER.WAV","C:\Program Files\Microsoft Office\root\Office16\Media\LASER.WAV",".wav","1837","2023-07-11T11:51:58.655Z"
"C:\","2026-10-08T20:48:23.337Z","Program Files\Microsoft Office\root\Office16\Media\PUSH.WAV","PUSH.WAV","PUSH.WAV","C:\Program Files\Microsoft Office\root\Office16\Media\PUSH.WAV",".wav","15748","2023-07-11T11:51:58.655Z"
"C:\","2026-10-08T20:48:23.337Z","Program Files\Microsoft Office\root\Office16\Media\SUCTION.WAV","SUCTION.WAV","SUCTION.WAV","C:\Program Files\Microsoft Office\root\Office16\Media\SUCTION.WAV",".wav","5732","2023-07-11T11:51:58.655Z"
"C:\","2026-10-08T20:48:23.337Z","Program Files\Microsoft Office\root\Office16\Media\TYPE.WAV","TYPE.WAV","TYPE.WAV","C:\Program Files\Microsoft Office\root\Office16\Media\TYPE.WAV",".wav","4636","2023-07-11T11:51:58.655Z"
"C:\","2026-10-08T20:48:23.337Z","Program Files\Microsoft Office\root\Office16\Media\VOLTAGE.WAV","VOLTAGE.WAV","VOLTAGE.WAV","C:\Program Files\Microsoft Office\root\Office16\Media\VOLTAGE.WAV",".wav","13766","2023-07-11T11:51:58.655Z"
"C:\","2026-10-08T20:48:23.337Z","Program Files\Microsoft Office\root\Office16\Media\WHOOSH.WAV","WHOOSH.WAV","WHOOSH.WAV","C:\Program Files\Microsoft Office\root\Office16\Media\WHOOSH.WAV",".wav","1758","2023-07-11T11:51:58.655Z"
"C:\","2026-10-08T20:48:23.337Z","Program Files\Microsoft Office\root\Office16\Media\WIND.WAV","WIND.WAV","WIND.WAV","C:\Program Files\Microsoft Office\root\Office16\Media\WIND.WAV",".wav","11140","2023-07-11T11:51:58.655Z"
"C:\","2026-10-08T20:48:23.337Z","Program Files\Microsoft Office\root\Office16\REMINDER.WAV","REMINDER.WAV","REMINDER.WAV","C:\Program Files\Microsoft Office\root\Office16\REMINDER.WAV",".wav","108800","2023-07-11T11:52:04.530Z"
"C:\","2026-10-08T20:48:23.337Z","Program Files\Microsoft Office\root\Office16\sdxs\FA000000131\OfflineFiles\offline-video_93770b9375e3768aaabb87a8a42ea871321aad3a5dab8df4124eea1f785adb48.mp4","offline-video_93770b9375e3768aaabb87a8a42ea871321aad3a5dab8df4124eea1f785adb48.mp4","offline-video_93770b9375e3768aaabb87a8a42ea871321aad3a5dab8df4124eea1f785adb48","C:\Program Files\Microsoft Office\root\Office16\sdxs\FA000000131\OfflineFiles\offline-video_93770b9375e3768aaabb87a8a42ea871321aad3a5dab8df4124eea1f785adb48.mp4",".mp4","3887170","2026-01-24T10:51:01.996Z"
"C:\","2026-10-08T20:48:23.337Z","Python314\Lib\test\audiodata\pluck-pcm16.wav","pluck-pcm16.wav","pluck-pcm16","C:\Python314\Lib\test\audiodata\pluck-pcm16.wav",".wav","13370","2026-08-05T09:54:26.000Z"
"C:\","2026-10-08T20:48:23.337Z","Python314\Lib\test\audiodata\pluck-pcm24-ext.wav","pluck-pcm24-ext.wav","pluck-pcm24-ext","C:\Python314\Lib\test\audiodata\pluck-pcm24-ext.wav",".wav","19922","2026-08-05T09:54:26.000Z"
"C:\","2026-10-08T20:48:23.337Z","Python314\Lib\test\audiodata\pluck-pcm24.wav","pluck-pcm24.wav","pluck-pcm24","C:\Python314\Lib\test\audiodata\pluck-pcm24.wav",".wav","19984","2026-08-05T09:54:26.000Z"
"C:\","2026-10-08T20:48:23.337Z","Python314\Lib\test\audiodata\pluck-pcm32.wav","pluck-pcm32.wav","pluck-pcm32","C:\Python314\Lib\test\audiodata\pluck-pcm32.wav",".wav","26598","2026-08-05T09:54:26.000Z"
"C:\","2026-10-08T20:48:23.337Z","Python314\Lib\test\audiodata\pluck-pcm8.wav","pluck-pcm8.wav","pluck-pcm8","C:\Python314\Lib\test\audiodata\pluck-pcm8.wav",".wav","6756","2026-08-05T09:54:26.000Z"
"C:\","2026-10-08T20:48:23.337Z","Python314\Lib\test\test_email\data\sndhdr.aiff","sndhdr.aiff","sndhdr","C:\Python314\Lib\test\test_email\data\sndhdr.aiff",".aiff","108","2026-08-05T09:54:26.000Z"
"C:\","2026-10-08T20:48:23.337Z","Python314\Lib\test\test_email\data\sndhdr.wav","sndhdr.wav","sndhdr","C:\Python314\Lib\test\test_email\data\sndhdr.wav",".wav","64","2026-08-05T09:54:26.000Z"
"C:\","2026-10-08T20:48:23.337Z","Users\azzur\.vscode\extensions\ms-vsliveshare.vsliveshare-1.1.122\audio\Down_bend_250ms.wav","Down_bend_250ms.wav","Down_bend_250ms","C:\Users\azzur\.vscode\extensions\ms-vsliveshare.vsliveshare-1.1.122\audio\Down_bend_250ms.wav",".wav","24912","2026-06-21T09:47:39.489Z"
"C:\","2026-10-08T20:48:23.337Z","Users\azzur\.vscode\extensions\ms-vsliveshare.vsliveshare-1.1.122\audio\Empty.wav","Empty.wav","Empty","C:\Users\azzur\.vscode\extensions\ms-vsliveshare.vsliveshare-1.1.122\audio\Empty.wav",".wav","44","2026-06-21T09:47:39.491Z"
"C:\","2026-10-08T20:48:23.337Z","Users\azzur\.vscode\extensions\ms-vsliveshare.vsliveshare-1.1.122\audio\Follow_Lock.wav","Follow_Lock.wav","Follow_Lock","C:\Users\azzur\.vscode\extensions\ms-vsliveshare.vsliveshare-1.1.122\audio\Follow_Lock.wav",".wav","39918","2026-06-21T09:47:39.494Z"
"C:\","2026-10-08T20:48:23.337Z","Users\azzur\.vscode\extensions\ms-vsliveshare.vsliveshare-1.1.122\audio\Follow_Unlock_alt4.wav","Follow_Unlock_alt4.wav","Follow_Unlock_alt4","C:\Users\azzur\.vscode\extensions\ms-vsliveshare.vsliveshare-1.1.122\audio\Follow_Unlock_alt4.wav",".wav","75462","2026-06-21T09:47:39.496Z"
"C:\","2026-10-08T20:48:23.337Z","Users\azzur\.vscode\extensions\ms-vsliveshare.vsliveshare-1.1.122\audio\KeyClick_1.wav","KeyClick_1.wav","KeyClick_1","C:\Users\azzur\.vscode\extensions\ms-vsliveshare.vsliveshare-1.1.122\audio\KeyClick_1.wav",".wav","18992","2026-06-21T09:47:39.498Z"
"C:\","2026-10-08T20:48:23.337Z","Users\azzur\.vscode\extensions\ms-vsliveshare.vsliveshare-1.1.122\audio\KeyClick_2.wav","KeyClick_2.wav","KeyClick_2","C:\Users\azzur\.vscode\extensions\ms-vsliveshare.vsliveshare-1.1.122\audio\KeyClick_2.wav",".wav","18992","2026-06-21T09:47:39.500Z"
"C:\","2026-10-08T20:48:23.337Z","Users\azzur\.vscode\extensions\ms-vsliveshare.vsliveshare-1.1.122\audio\KeyClick_3.wav","KeyClick_3.wav","KeyClick_3","C:\Users\azzur\.vscode\extensions\ms-vsliveshare.vsliveshare-1.1.122\audio\KeyClick_3.wav",".wav","18992","2026-06-21T09:47:39.501Z"
"C:\","2026-10-08T20:48:23.337Z","Users\azzur\.vscode\extensions\ms-vsliveshare.vsliveshare-1.1.122\audio\KeyType.wav","KeyType.wav","KeyType","C:\Users\azzur\.vscode\extensions\ms-vsliveshare.vsliveshare-1.1.122\audio\KeyType.wav",".wav","5194","2026-06-21T09:47:39.503Z"
"C:\","2026-10-08T20:48:23.337Z","Users\azzur\.vscode\extensions\ms-vsliveshare.vsliveshare-1.1.122\audio\Non_Linear_Jump_Directionless_upPhrase_550ms.wav","Non_Linear_Jump_Directionless_upPhrase_550ms.wav","Non_Linear_Jump_Directionless_upPhrase_550ms","C:\Users\azzur\.vscode\extensions\ms-vsliveshare.vsliveshare-1.1.122\audio\Non_Linear_Jump_Directionless_upPhrase_550ms.wav",".wav","52850","2026-06-21T09:47:39.506Z"
"C:\","2026-10-08T20:48:23.337Z","Users\azzur\.vscode\extensions\ms-vsliveshare.vsliveshare-1.1.122\audio\Non_Linear_Jump_Directionless_upPhrase_750ms.wav","Non_Linear_Jump_Directionless_upPhrase_750ms.wav","Non_Linear_Jump_Directionless_upPhrase_750ms","C:\Users\azzur\.vscode\extensions\ms-vsliveshare.vsliveshare-1.1.122\audio\Non_Linear_Jump_Directionless_upPhrase_750ms.wav",".wav","72040","2026-06-21T09:47:39.509Z"
"C:\","2026-10-08T20:48:23.337Z","Users\azzur\.vscode\extensions\ms-vsliveshare.vsliveshare-1.1.122\audio\Non_Linear_Jump_Down_3_note_550ms.wav","Non_Linear_Jump_Down_3_note_550ms.wav","Non_Linear_Jump_Down_3_note_550ms","C:\Users\azzur\.vscode\extensions\ms-vsliveshare.vsliveshare-1.1.122\audio\Non_Linear_Jump_Down_3_note_550ms.wav",".wav","52894","2026-06-21T09:47:39.512Z"
"C:\","2026-10-08T20:48:23.337Z","Users\azzur\.vscode\extensions\ms-vsliveshare.vsliveshare-1.1.122\audio\Non_Linear_Jump_Down_3_note_750ms_alternate.wav","Non_Linear_Jump_Down_3_note_750ms_alternate.wav","Non_Linear_Jump_Down_3_note_750ms_alternate","C:\Users\azzur\.vscode\extensions\ms-vsliveshare.vsliveshare-1.1.122\audio\Non_Linear_Jump_Down_3_note_750ms_alternate.wav",".wav","72028","2026-06-21T09:47:39.514Z"
"C:\","2026-10-08T20:48:23.337Z","Users\azzur\.vscode\extensions\ms-vsliveshare.vsliveshare-1.1.122\audio\Non_Linear_Jump_Up_3_note_550ms.wav","Non_Linear_Jump_Up_3_note_550ms.wav","Non_Linear_Jump_Up_3_note_550ms","C:\Users\azzur\.vscode\extensions\ms-vsliveshare.vsliveshare-1.1.122\audio\Non_Linear_Jump_Up_3_note_550ms.wav",".wav","52844","2026-06-21T09:47:39.516Z"
"C:\","2026-10-08T20:48:23.337Z","Users\azzur\.vscode\extensions\ms-vsliveshare.vsliveshare-1.1.122\audio\Non_Linear_Jump_Up_3_note_750ms.wav","Non_Linear_Jump_Up_3_note_750ms.wav","Non_Linear_Jump_Up_3_note_750ms","C:\Users\azzur\.vscode\extensions\ms-vsliveshare.vsliveshare-1.1.122\audio\Non_Linear_Jump_Up_3_note_750ms.wav",".wav","72024","2026-06-21T09:47:39.519Z"
"C:\","2026-10-08T20:48:23.337Z","Users\azzur\.vscode\extensions\ms-vsliveshare.vsliveshare-1.1.122\audio\Proximity.wav","Proximity.wav","Proximity","C:\Users\azzur\.vscode\extensions\ms-vsliveshare.vsliveshare-1.1.122\audio\Proximity.wav",".wav","579910","2026-06-21T09:47:39.528Z"
"C:\","2026-10-08T20:48:23.337Z","Users\azzur\.vscode\extensions\ms-vsliveshare.vsliveshare-1.1.122\audio\Scroll_Wheel_clickPhrase_2.wav","Scroll_Wheel_clickPhrase_2.wav","Scroll_Wheel_clickPhrase_2","C:\Users\azzur\.vscode\extensions\ms-vsliveshare.vsliveshare-1.1.122\audio\Scroll_Wheel_clickPhrase_2.wav",".wav","30034","2026-06-21T09:47:39.534Z"
"C:\","2026-10-08T20:48:23.337Z","Users\azzur\.vscode\extensions\ms-vsliveshare.vsliveshare-1.1.122\audio\Scroll_Wheel_clickPhrase.wav","Scroll_Wheel_clickPhrase.wav","Scroll_Wheel_clickPhrase","C:\Users\azzur\.vscode\extensions\ms-vsliveshare.vsliveshare-1.1.122\audio\Scroll_Wheel_clickPhrase.wav",".wav","54788","2026-06-21T09:47:39.532Z"
"C:\","2026-10-08T20:48:23.337Z","Users\azzur\.vscode\extensions\ms-vsliveshare.vsliveshare-1.1.122\audio\Scroll_Wheel_singleClick_1.wav","Scroll_Wheel_singleClick_1.wav","Scroll_Wheel_singleClick_1","C:\Users\azzur\.vscode\extensions\ms-vsliveshare.vsliveshare-1.1.122\audio\Scroll_Wheel_singleClick_1.wav",".wav","18992","2026-06-21T09:47:39.538Z"
"C:\","2026-10-08T20:48:23.337Z","Users\azzur\.vscode\extensions\ms-vsliveshare.vsliveshare-1.1.122\audio\Scroll_Wheel_singleClick_2.wav","Scroll_Wheel_singleClick_2.wav","Scroll_Wheel_singleClick_2","C:\Users\azzur\.vscode\extensions\ms-vsliveshare.vsliveshare-1.1.122\audio\Scroll_Wheel_singleClick_2.wav",".wav","18992","2026-06-21T09:47:39.541Z"
"C:\","2026-10-08T20:48:23.337Z","Users\azzur\.vscode\extensions\ms-vsliveshare.vsliveshare-1.1.122\audio\Up_bend_250ms.wav","Up_bend_250ms.wav","Up_bend_250ms","C:\Users\azzur\.vscode\extensions\ms-vsliveshare.vsliveshare-1.1.122\audio\Up_bend_250ms.wav",".wav","24912","2026-06-21T09:47:39.543Z"
"C:\","2026-10-08T20:48:23.337Z","Users\azzur\AppData\Local\Microsoft\Excel\Resources\1\ExcelResources\Resources\blankcellconvert_graybars_1_0.mp4","blankcellconvert_graybars_1_0.mp4","blankcellconvert_graybars_1_0","C:\Users\azzur\AppData\Local\Microsoft\Excel\Resources\1\ExcelResources\Resources\blankcellconvert_graybars_1_0.mp4",".mp4","862439","2024-05-12T13:35:32.995Z"
"C:\","2026-10-08T20:48:23.337Z","Users\azzur\AppData\Local\Microsoft\Office\SolutionPackages\88725e66c396eedef7354d8875b3e91\PackageResources\OfflineFiles\offline-video_3f4546fb35377b5a8473d8d07b18aedb5e52d1b93fb46b2a79132de04b9e046c.mp4","offline-video_3f4546fb35377b5a8473d8d07b18aedb5e52d1b93fb46b2a79132de04b9e046c.mp4","offline-video_3f4546fb35377b5a8473d8d07b18aedb5e52d1b93fb46b2a79132de04b9e046c","C:\Users\azzur\AppData\Local\Microsoft\Office\SolutionPackages\88725e66c396eedef7354d8875b3e91\PackageResources\OfflineFiles\offline-video_3f4546fb35377b5a8473d8d07b18aedb5e52d1b93fb46b2a79132de04b9e046c.mp4",".mp4","3887170","2025-09-26T19:28:28.247Z"
"C:\","2026-10-08T20:48:23.337Z","Users\azzur\AppData\Local\Packages\Microsoft.Windows.Photos_8wekyb3d8bbwe\LocalState\Slideshow\Music\Audio\Beats_BackThen_Intro.aac","Beats_BackThen_Intro.aac","Beats_BackThen_Intro","C:\Users\azzur\AppData\Local\Packages\Microsoft.Windows.Photos_8wekyb3d8bbwe\LocalState\Slideshow\Music\Audio\Beats_BackThen_Intro.aac",".aac","43445","2026-01-16T19:47:29.672Z"
"C:\","2026-10-08T20:48:23.337Z","Users\azzur\AppData\Local\Packages\Microsoft.Windows.Photos_8wekyb3d8bbwe\LocalState\Slideshow\Music\Audio\Beats_BackThen_Main.aac","Beats_BackThen_Main.aac","Beats_BackThen_Main","C:\Users\azzur\AppData\Local\Packages\Microsoft.Windows.Photos_8wekyb3d8bbwe\LocalState\Slideshow\Music\Audio\Beats_BackThen_Main.aac",".aac","913539","2026-01-16T19:47:29.611Z"
"C:\","2026-10-08T20:48:23.337Z","Users\azzur\AppData\Local\Packages\Microsoft.Windows.Photos_8wekyb3d8bbwe\LocalState\Slideshow\Music\Audio\Beats_CallingOut_Intro.aac","Beats_CallingOut_Intro.aac","Beats_CallingOut_Intro","C:\Users\azzur\AppData\Local\Packages\Microsoft.Windows.Photos_8wekyb3d8bbwe\LocalState\Slideshow\Music\Audio\Beats_CallingOut_Intro.aac",".aac","137332","2026-01-16T19:47:28.894Z"
"C:\","2026-10-08T20:48:23.337Z","Users\azzur\AppData\Local\Packages\Microsoft.Windows.Photos_8wekyb3d8bbwe\LocalState\Slideshow\Music\Audio\Beats_CallingOut_Main.aac","Beats_CallingOut_Main.aac","Beats_CallingOut_Main","C:\Users\azzur\AppData\Local\Packages\Microsoft.Windows.Photos_8wekyb3d8bbwe\LocalState\Slideshow\Music\Audio\Beats_CallingOut_Main.aac",".aac","769388","2026-01-16T19:47:29.927Z"
"C:\","2026-10-08T20:48:23.337Z","Users\azzur\AppData\Local\Packages\Microsoft.Windows.Photos_8wekyb3d8bbwe\LocalState\Slideshow\Music\Audio\Beats_LazyDays_Intro.aac","Beats_LazyDays_Intro.aac","Beats_LazyDays_Intro","C:\Users\azzur\AppData\Local\Packages\Microsoft.Windows.Photos_8wekyb3d8bbwe\LocalState\Slideshow\Music\Audio\Beats_LazyDays_Intro.aac",".aac","25470","2026-01-16T19:47:29.611Z"
"C:\","2026-10-08T20:48:23.337Z","Users\azzur\AppData\Local\Packages\Microsoft.Windows.Photos_8wekyb3d8bbwe\LocalState\Slideshow\Music\Audio\Beats_LazyDays_Main.aac","Beats_LazyDays_Main.aac","Beats_LazyDays_Main","C:\Users\azzur\AppData\Local\Packages\Microsoft.Windows.Photos_8wekyb3d8bbwe\LocalState\Slideshow\Music\Audio\Beats_LazyDays_Main.aac",".aac","481327","2026-01-16T19:47:29.718Z"
"C:\","2026-10-08T20:48:23.337Z","Users\azzur\AppData\Local\Packages\Microsoft.Windows.Photos_8wekyb3d8bbwe\LocalState\Slideshow\Music\Audio\Beats_MyRemedy_Intro.aac","Beats_MyRemedy_Intro.aac","Beats_MyRemedy_Intro","C:\Users\azzur\AppData\Local\Packages\Microsoft.Windows.Photos_8wekyb3d8bbwe\LocalState\Slideshow\Music\Audio\Beats_MyRemedy_Intro.aac",".aac","128004","2026-01-16T19:47:29.681Z"
"C:\","2026-10-08T20:48:23.337Z","Users\azzur\AppData\Local\Packages\Microsoft.Windows.Photos_8wekyb3d8bbwe\LocalState\Slideshow\Music\Audio\Beats_MyRemedy_Main.aac","Beats_MyRemedy_Main.aac","Beats_MyRemedy_Main","C:\Users\azzur\AppData\Local\Packages\Microsoft.Windows.Photos_8wekyb3d8bbwe\LocalState\Slideshow\Music\Audio\Beats_MyRemedy_Main.aac",".aac","738674","2026-01-16T19:47:29.981Z"
"C:\","2026-10-08T20:48:23.337Z","Users\azzur\AppData\Local\Packages\Microsoft.Windows.Photos_8wekyb3d8bbwe\LocalState\Slideshow\Music\Audio\Chill_DistantEchoes_Intro.aac","Chill_DistantEchoes_Intro.aac","Chill_DistantEchoes_Intro","C:\Users\azzur\AppData\Local\Packages\Microsoft.Windows.Photos_8wekyb3d8bbwe\LocalState\Slideshow\Music\Audio\Chill_DistantEchoes_Intro.aac",".aac","101876","2026-01-16T19:47:29.728Z"
"C:\","2026-10-08T20:48:23.337Z","Users\azzur\AppData\Local\Packages\Microsoft.Windows.Photos_8wekyb3d8bbwe\LocalState\Slideshow\Music\Audio\Chill_DistantEchoes_Main.aac","Chill_DistantEchoes_Main.aac","Chill_DistantEchoes_Main","C:\Users\azzur\AppData\Local\Packages\Microsoft.Windows.Photos_8wekyb3d8bbwe\LocalState\Slideshow\Music\Audio\Chill_DistantEchoes_Main.aac",".aac","769497","2026-01-16T19:47:29.902Z"
"C:\","2026-10-08T20:48:23.337Z","Users\azzur\AppData\Local\Packages\Microsoft.Windows.Photos_8wekyb3d8bbwe\LocalState\Slideshow\Music\Audio\Chill_DreamState_Intro.aac","Chill_DreamState_Intro.aac","Chill_DreamState_Intro","C:\Users\azzur\AppData\Local\Packages\Microsoft.Windows.Photos_8wekyb3d8bbwe\LocalState\Slideshow\Music\Audio\Chill_DreamState_Intro.aac",".aac","129340","2026-01-16T19:47:30.464Z"
"C:\","2026-10-08T20:48:23.337Z","Users\azzur\AppData\Local\Packages\Microsoft.Windows.Photos_8wekyb3d8bbwe\LocalState\Slideshow\Music\Audio\Chill_DreamState_Main.aac","Chill_DreamState_Main.aac","Chill_DreamState_Main","C:\Users\azzur\AppData\Local\Packages\Microsoft.Windows.Photos_8wekyb3d8bbwe\LocalState\Slideshow\Music\Audio\Chill_DreamState_Main.aac",".aac","769270","2026-01-16T19:47:29.255Z"
"C:\","2026-10-08T20:48:23.337Z","Users\azzur\AppData\Local\Packages\Microsoft.Windows.Photos_8wekyb3d8bbwe\LocalState\Slideshow\Music\Audio\Chill_TakeMeAway_Intro.aac","Chill_TakeMeAway_Intro.aac","Chill_TakeMeAway_Intro","C:\Users\azzur\AppData\Local\Packages\Microsoft.Windows.Photos_8wekyb3d8bbwe\LocalState\Slideshow\Music\Audio\Chill_TakeMeAway_Intro.aac",".aac","73354","2026-01-16T19:47:30.443Z"
"C:\","2026-10-08T20:48:23.337Z","Users\azzur\AppData\Local\Packages\Microsoft.Windows.Photos_8wekyb3d8bbwe\LocalState\Slideshow\Music\Audio\Chill_TakeMeAway_Main.aac","Chill_TakeMeAway_Main.aac","Chill_TakeMeAway_Main","C:\Users\azzur\AppData\Local\Packages\Microsoft.Windows.Photos_8wekyb3d8bbwe\LocalState\Slideshow\Music\Audio\Chill_TakeMeAway_Main.aac",".aac","405482","2026-01-16T19:47:30.156Z"
"C:\","2026-10-08T20:48:23.337Z","Users\azzur\AppData\Local\Packages\Microsoft.Windows.Photos_8wekyb3d8bbwe\LocalState\Slideshow\Music\Audio\Chill_Tranquility_Intro.aac","Chill_Tranquility_Intro.aac","Chill_Tranquility_Intro","C:\Users\azzur\AppData\Local\Packages\Microsoft.Windows.Photos_8wekyb3d8bbwe\LocalState\Slideshow\Music\Audio\Chill_Tranquility_Intro.aac",".aac","204193","2026-01-16T19:47:29.950Z"
"C:\","2026-10-08T20:48:23.337Z","Users\azzur\AppData\Local\Packages\Microsoft.Windows.Photos_8wekyb3d8bbwe\LocalState\Slideshow\Music\Audio\Chill_Tranquility_Main.aac","Chill_Tranquility_Main.aac","Chill_Tranquility_Main","C:\Users\azzur\AppData\Local\Packages\Microsoft.Windows.Photos_8wekyb3d8bbwe\LocalState\Slideshow\Music\Audio\Chill_Tranquility_Main.aac",".aac","648113","2026-01-16T19:47:30.395Z"
"C:\","2026-10-08T20:48:23.337Z","Users\azzur\AppData\Local\Packages\Microsoft.Windows.Photos_8wekyb3d8bbwe\LocalState\Slideshow\Music\Audio\Energetic_AllTogether_Intro.aac","Energetic_AllTogether_Intro.aac","Energetic_AllTogether_Intro","C:\Users\azzur\AppData\Local\Packages\Microsoft.Windows.Photos_8wekyb3d8bbwe\LocalState\Slideshow\Music\Audio\Energetic_AllTogether_Intro.aac",".aac","92096","2026-01-16T19:47:28.433Z"
"C:\","2026-10-08T20:48:23.337Z","Users\azzur\AppData\Local\Packages\Microsoft.Windows.Photos_8wekyb3d8bbwe\LocalState\Slideshow\Music\Audio\Energetic_AllTogether_Main.aac","Energetic_AllTogether_Main.aac","Energetic_AllTogether_Main","C:\Users\azzur\AppData\Local\Packages\Microsoft.Windows.Photos_8wekyb3d8bbwe\LocalState\Slideshow\Music\Audio\Energetic_AllTogether_Main.aac",".aac","854894","2026-01-16T19:47:29.615Z"
"C:\","2026-10-08T20:48:23.337Z","Users\azzur\AppData\Local\Packages\Microsoft.Windows.Photos_8wekyb3d8bbwe\LocalState\Slideshow\Music\Audio\Energetic_PowerWithin_Intro.aac","Energetic_PowerWithin_Intro.aac","Energetic_PowerWithin_Intro","C:\Users\azzur\AppData\Local\Packages\Microsoft.Windows.Photos_8wekyb3d8bbwe\LocalState\Slideshow\Music\Audio\Energetic_PowerWithin_Intro.aac",".aac","102609","2026-01-16T19:47:29.611Z"
"C:\","2026-10-08T20:48:23.337Z","Users\azzur\AppData\Local\Packages\Microsoft.Windows.Photos_8wekyb3d8bbwe\LocalState\Slideshow\Music\Audio\Energetic_PowerWithin_Main.aac","Energetic_PowerWithin_Main.aac","Energetic_PowerWithin_Main","C:\Users\azzur\AppData\Local\Packages\Microsoft.Windows.Photos_8wekyb3d8bbwe\LocalState\Slideshow\Music\Audio\Energetic_PowerWithin_Main.aac",".aac","940107","2026-01-16T19:47:29.318Z"
"C:\","2026-10-08T20:48:23.337Z","Users\azzur\AppData\Local\Packages\Microsoft.Windows.Photos_8wekyb3d8bbwe\LocalState\Slideshow\Music\Audio\Energetic_TuneIn_Intro.aac","Energetic_TuneIn_Intro.aac","Energetic_TuneIn_Intro","C:\Users\azzur\AppData\Local\Packages\Microsoft.Windows.Photos_8wekyb3d8bbwe\LocalState\Slideshow\Music\Audio\Energetic_TuneIn_Intro.aac",".aac","44091","2026-01-16T19:47:28.214Z"
"C:\","2026-10-08T20:48:23.337Z","Users\azzur\AppData\Local\Packages\Microsoft.Windows.Photos_8wekyb3d8bbwe\LocalState\Slideshow\Music\Audio\Energetic_TuneIn_Main.aac","Energetic_TuneIn_Main.aac","Energetic_TuneIn_Main","C:\Users\azzur\AppData\Local\Packages\Microsoft.Windows.Photos_8wekyb3d8bbwe\LocalState\Slideshow\Music\Audio\Energetic_TuneIn_Main.aac",".aac","427965","2026-01-16T19:47:29.255Z"
"C:\","2026-10-08T20:48:23.337Z","Users\azzur\AppData\Local\Packages\Microsoft.Windows.Photos_8wekyb3d8bbwe\LocalState\Slideshow\Music\Audio\Energetic_WaitForMe_Intro.aac","Energetic_WaitForMe_Intro.aac","Energetic_WaitForMe_Intro","C:\Users\azzur\AppData\Local\Packages\Microsoft.Windows.Photos_8wekyb3d8bbwe\LocalState\Slideshow\Music\Audio\Energetic_WaitForMe_Intro.aac",".aac","58281","2026-01-16T19:47:28.483Z"
"C:\","2026-10-08T20:48:23.337Z","Users\azzur\AppData\Local\Packages\Microsoft.Windows.Photos_8wekyb3d8bbwe\LocalState\Slideshow\Music\Audio\Energetic_WaitForMe_Main.aac","Energetic_WaitForMe_Main.aac","Energetic_WaitForMe_Main","C:\Users\azzur\AppData\Local\Packages\Microsoft.Windows.Photos_8wekyb3d8bbwe\LocalState\Slideshow\Music\Audio\Energetic_WaitForMe_Main.aac",".aac","399614","2026-01-16T19:47:28.834Z"
"C:\","2026-10-08T20:48:23.337Z","Users\azzur\AppData\Local\Packages\Microsoft.Windows.Photos_8wekyb3d8bbwe\LocalState\Slideshow\Music\Audio\Epic_CosmicNotions_Intro.aac","Epic_CosmicNotions_Intro.aac","Epic_CosmicNotions_Intro","C:\Users\azzur\AppData\Local\Packages\Microsoft.Windows.Photos_8wekyb3d8bbwe\LocalState\Slideshow\Music\Audio\Epic_CosmicNotions_Intro.aac",".aac","119582","2026-01-16T19:47:28.622Z"
"C:\","2026-10-08T20:48:23.337Z","Users\azzur\AppData\Local\Packages\Microsoft.Windows.Photos_8wekyb3d8bbwe\LocalState\Slideshow\Music\Audio\Epic_CosmicNotions_Main.aac","Epic_CosmicNotions_Main.aac","Epic_CosmicNotions_Main","C:\Users\azzur\AppData\Local\Packages\Microsoft.Windows.Photos_8wekyb3d8bbwe\LocalState\Slideshow\Music\Audio\Epic_CosmicNotions_Main.aac",".aac","710243","2026-01-16T19:47:29.611Z"
"C:\","2026-10-08T20:48:23.337Z","Users\azzur\AppData\Local\Packages\Microsoft.Windows.Photos_8wekyb3d8bbwe\LocalState\Slideshow\Music\Audio\Epic_LastDance_Intro.aac","Epic_LastDance_Intro.aac","Epic_LastDance_Intro","C:\Users\azzur\AppData\Local\Packages\Microsoft.Windows.Photos_8wekyb3d8bbwe\LocalState\Slideshow\Music\Audio\Epic_LastDance_Intro.aac",".aac","127223","2026-01-16T19:47:28.702Z"
"C:\","2026-10-08T20:48:23.337Z","Users\azzur\AppData\Local\Packages\Microsoft.Windows.Photos_8wekyb3d8bbwe\LocalState\Slideshow\Music\Audio\Epic_LastDance_Main.aac","Epic_LastDance_Main.aac","Epic_LastDance_Main","C:\Users\azzur\AppData\Local\Packages\Microsoft.Windows.Photos_8wekyb3d8bbwe\LocalState\Slideshow\Music\Audio\Epic_LastDance_Main.aac",".aac","868788","2026-01-16T19:47:30.508Z"
"C:\","2026-10-08T20:48:23.337Z","Users\azzur\AppData\Local\Packages\Microsoft.Windows.Photos_8wekyb3d8bbwe\LocalState\Slideshow\Music\Audio\Epic_TakeFlight_Intro.aac","Epic_TakeFlight_Intro.aac","Epic_TakeFlight_Intro","C:\Users\azzur\AppData\Local\Packages\Microsoft.Windows.Photos_8wekyb3d8bbwe\LocalState\Slideshow\Music\Audio\Epic_TakeFlight_Intro.aac",".aac","73159","2026-01-16T19:47:30.433Z"
"C:\","2026-10-08T20:48:23.337Z","Users\azzur\AppData\Local\Packages\Microsoft.Windows.Photos_8wekyb3d8bbwe\LocalState\Slideshow\Music\Audio\Epic_TakeFlight_Main.aac","Epic_TakeFlight_Main.aac","Epic_TakeFlight_Main","C:\Users\azzur\AppData\Local\Packages\Microsoft.Windows.Photos_8wekyb3d8bbwe\LocalState\Slideshow\Music\Audio\Epic_TakeFlight_Main.aac",".aac","970120","2026-01-16T19:47:29.807Z"
"C:\","2026-10-08T20:48:23.337Z","Users\azzur\AppData\Local\Packages\Microsoft.Windows.Photos_8wekyb3d8bbwe\LocalState\Slideshow\Music\Audio\Epic_WeGoOn_Intro.aac","Epic_WeGoOn_Intro.aac","Epic_WeGoOn_Intro","C:\Users\azzur\AppData\Local\Packages\Microsoft.Windows.Photos_8wekyb3d8bbwe\LocalState\Slideshow\Music\Audio\Epic_WeGoOn_Intro.aac",".aac","124795","2026-01-16T19:47:30.433Z"
"C:\","2026-10-08T20:48:23.337Z","Users\azzur\AppData\Local\Packages\Microsoft.Windows.Photos_8wekyb3d8bbwe\LocalState\Slideshow\Music\Audio\Epic_WeGoOn_Main.aac","Epic_WeGoOn_Main.aac","Epic_WeGoOn_Main","C:\Users\azzur\AppData\Local\Packages\Microsoft.Windows.Photos_8wekyb3d8bbwe\LocalState\Slideshow\Music\Audio\Epic_WeGoOn_Main.aac",".aac","769378","2026-01-16T19:47:29.282Z"
"C:\","2026-10-08T20:48:23.337Z","Users\azzur\AppData\Local\Packages\Microsoft.Windows.Photos_8wekyb3d8bbwe\LocalState\Slideshow\Music\Audio\Fun_BossaBop_Intro.aac","Fun_BossaBop_Intro.aac","Fun_BossaBop_Intro","C:\Users\azzur\AppData\Local\Packages\Microsoft.Windows.Photos_8wekyb3d8bbwe\LocalState\Slideshow\Music\Audio\Fun_BossaBop_Intro.aac",".aac","89384","2026-01-16T19:47:30.478Z"
"C:\","2026-10-08T20:48:23.337Z","Users\azzur\AppData\Local\Packages\Microsoft.Windows.Photos_8wekyb3d8bbwe\LocalState\Slideshow\Music\Audio\Fun_BossaBop_Main.aac","Fun_BossaBop_Main.aac","Fun_BossaBop_Main","C:\Users\azzur\AppData\Local\Packages\Microsoft.Windows.Photos_8wekyb3d8bbwe\LocalState\Slideshow\Music\Audio\Fun_BossaBop_Main.aac",".aac","769408","2026-01-16T19:47:29.611Z"
"C:\","2026-10-08T20:48:23.337Z","Users\azzur\AppData\Local\Packages\Microsoft.Windows.Photos_8wekyb3d8bbwe\LocalState\Slideshow\Music\Audio\Fun_FunkyDays_Intro.aac","Fun_FunkyDays_Intro.aac","Fun_FunkyDays_Intro","C:\Users\azzur\AppData\Local\Packages\Microsoft.Windows.Photos_8wekyb3d8bbwe\LocalState\Slideshow\Music\Audio\Fun_FunkyDays_Intro.aac",".aac","73384","2026-01-16T19:47:30.048Z"
"C:\","2026-10-08T20:48:23.337Z","Users\azzur\AppData\Local\Packages\Microsoft.Windows.Photos_8wekyb3d8bbwe\LocalState\Slideshow\Music\Audio\Fun_FunkyDays_Main.aac","Fun_FunkyDays_Main.aac","Fun_FunkyDays_Main","C:\Users\azzur\AppData\Local\Packages\Microsoft.Windows.Photos_8wekyb3d8bbwe\LocalState\Slideshow\Music\Audio\Fun_FunkyDays_Main.aac",".aac","1188262","2026-01-16T19:47:30.363Z"
"C:\","2026-10-08T20:48:23.337Z","Users\azzur\AppData\Local\Packages\Microsoft.Windows.Photos_8wekyb3d8bbwe\LocalState\Slideshow\Music\Audio\Fun_Jumpstart_Intro.aac","Fun_Jumpstart_Intro.aac","Fun_Jumpstart_Intro","C:\Users\azzur\AppData\Local\Packages\Microsoft.Windows.Photos_8wekyb3d8bbwe\LocalState\Slideshow\Music\Audio\Fun_Jumpstart_Intro.aac",".aac","73375","2026-01-16T19:47:29.981Z"
"C:\","2026-10-08T20:48:23.337Z","Users\azzur\AppData\Local\Packages\Microsoft.Windows.Photos_8wekyb3d8bbwe\LocalState\Slideshow\Music\Audio\Fun_Jumpstart_Main.aac","Fun_Jumpstart_Main.aac","Fun_Jumpstart_Main","C:\Users\azzur\AppData\Local\Packages\Microsoft.Windows.Photos_8wekyb3d8bbwe\LocalState\Slideshow\Music\Audio\Fun_Jumpstart_Main.aac",".aac","839125","2026-01-16T19:47:29.215Z"
"C:\","2026-10-08T20:48:23.337Z","Users\azzur\AppData\Local\Packages\Microsoft.Windows.Photos_8wekyb3d8bbwe\LocalState\Slideshow\Music\Audio\Fun_PlanetaryFunk_Intro.aac","Fun_PlanetaryFunk_Intro.aac","Fun_PlanetaryFunk_Intro","C:\Users\azzur\AppData\Local\Packages\Microsoft.Windows.Photos_8wekyb3d8bbwe\LocalState\Slideshow\Music\Audio\Fun_PlanetaryFunk_Intro.aac",".aac","127190","2026-01-16T19:47:29.681Z"
"C:\","2026-10-08T20:48:23.337Z","Users\azzur\AppData\Local\Packages\Microsoft.Windows.Photos_8wekyb3d8bbwe\LocalState\Slideshow\Music\Audio\Fun_PlanetaryFunk_Main.aac","Fun_PlanetaryFunk_Main.aac","Fun_PlanetaryFunk_Main","C:\Users\azzur\AppData\Local\Packages\Microsoft.Windows.Photos_8wekyb3d8bbwe\LocalState\Slideshow\Music\Audio\Fun_PlanetaryFunk_Main.aac",".aac","806452","2026-01-16T19:47:30.149Z"
"C:\","2026-10-08T20:48:23.337Z","Users\azzur\AppData\Local\Packages\Microsoft.Windows.Photos_8wekyb3d8bbwe\LocalState\Slideshow\Music\Audio\Sentimental_Horizons_Intro.aac","Sentimental_Horizons_Intro.aac","Sentimental_Horizons_Intro","C:\Users\azzur\AppData\Local\Packages\Microsoft.Windows.Photos_8wekyb3d8bbwe\LocalState\Slideshow\Music\Audio\Sentimental_Horizons_Intro.aac",".aac","158507","2026-01-16T19:47:29.690Z"
"C:\","2026-10-08T20:48:23.337Z","Users\azzur\AppData\Local\Packages\Microsoft.Windows.Photos_8wekyb3d8bbwe\LocalState\Slideshow\Music\Audio\Sentimental_Horizons_Main.aac","Sentimental_Horizons_Main.aac","Sentimental_Horizons_Main","C:\Users\azzur\AppData\Local\Packages\Microsoft.Windows.Photos_8wekyb3d8bbwe\LocalState\Slideshow\Music\Audio\Sentimental_Horizons_Main.aac",".aac","699519","2026-01-16T19:47:29.602Z"
"C:\","2026-10-08T20:48:23.337Z","Users\azzur\AppData\Local\Packages\Microsoft.Windows.Photos_8wekyb3d8bbwe\LocalState\Slideshow\Music\Audio\Sentimental_NewDay_Intro.aac","Sentimental_NewDay_Intro.aac","Sentimental_NewDay_Intro","C:\Users\azzur\AppData\Local\Packages\Microsoft.Windows.Photos_8wekyb3d8bbwe\LocalState\Slideshow\Music\Audio\Sentimental_NewDay_Intro.aac",".aac","41385","2026-01-16T19:47:29.681Z"
"C:\","2026-10-08T20:48:23.337Z","Users\azzur\AppData\Local\Packages\Microsoft.Windows.Photos_8wekyb3d8bbwe\LocalState\Slideshow\Music\Audio\Sentimental_NewDay_Main.aac","Sentimental_NewDay_Main.aac","Sentimental_NewDay_Main","C:\Users\azzur\AppData\Local\Packages\Microsoft.Windows.Photos_8wekyb3d8bbwe\LocalState\Slideshow\Music\Audio\Sentimental_NewDay_Main.aac",".aac","901231","2026-01-16T19:47:29.333Z"
"C:\","2026-10-08T20:48:23.337Z","Users\azzur\AppData\Local\Packages\Microsoft.Windows.Photos_8wekyb3d8bbwe\LocalState\Slideshow\Music\Audio\Sentimental_ShadesofBlue_Intro.aac","Sentimental_ShadesofBlue_Intro.aac","Sentimental_ShadesofBlue_Intro","C:\Users\azzur\AppData\Local\Packages\Microsoft.Windows.Photos_8wekyb3d8bbwe\LocalState\Slideshow\Music\Audio\Sentimental_ShadesofBlue_Intro.aac",".aac","56415","2026-01-16T19:47:28.717Z"
"C:\","2026-10-08T20:48:23.337Z","Users\azzur\AppData\Local\Packages\Microsoft.Windows.Photos_8wekyb3d8bbwe\LocalState\Slideshow\Music\Audio\Sentimental_ShadesofBlue_Main.aac","Sentimental_ShadesofBlue_Main.aac","Sentimental_ShadesofBlue_Main","C:\Users\azzur\AppData\Local\Packages\Microsoft.Windows.Photos_8wekyb3d8bbwe\LocalState\Slideshow\Music\Audio\Sentimental_ShadesofBlue_Main.aac",".aac","549981","2026-01-16T19:47:29.365Z"
"C:\","2026-10-08T20:48:23.337Z","Users\azzur\AppData\Local\Packages\Microsoft.Windows.Photos_8wekyb3d8bbwe\LocalState\Slideshow\Music\Audio\Sentimental_TogetherAgain_Intro.aac","Sentimental_TogetherAgain_Intro.aac","Sentimental_TogetherAgain_Intro","C:\Users\azzur\AppData\Local\Packages\Microsoft.Windows.Photos_8wekyb3d8bbwe\LocalState\Slideshow\Music\Audio\Sentimental_TogetherAgain_Intro.aac",".aac","78245","2026-01-16T19:47:29.681Z"
"C:\","2026-10-08T20:48:23.337Z","Users\azzur\AppData\Local\Packages\Microsoft.Windows.Photos_8wekyb3d8bbwe\LocalState\Slideshow\Music\Audio\Sentimental_TogetherAgain_Main.aac","Sentimental_TogetherAgain_Main.aac","Sentimental_TogetherAgain_Main","C:\Users\azzur\AppData\Local\Packages\Microsoft.Windows.Photos_8wekyb3d8bbwe\LocalState\Slideshow\Music\Audio\Sentimental_TogetherAgain_Main.aac",".aac","884599","2026-01-16T19:47:29.602Z"
"C:\","2026-10-08T20:48:23.337Z","Users\azzur\AppData\Local\Programs\Microsoft VS Code\2a59476c9b\resources\app\out\vs\platform\accessibilitySignal\browser\media\break.mp3","break.mp3","break","C:\Users\azzur\AppData\Local\Programs\Microsoft VS Code\2a59476c9b\resources\app\out\vs\platform\accessibilitySignal\browser\media\break.mp3",".mp3","38080","2026-10-06T06:40:10.000Z"
"C:\","2026-10-08T20:48:23.337Z","Users\azzur\AppData\Local\Programs\Microsoft VS Code\2a59476c9b\resources\app\out\vs\platform\accessibilitySignal\browser\media\chatEditModifiedFile.mp3","chatEditModifiedFile.mp3","chatEditModifiedFile","C:\Users\azzur\AppData\Local\Programs\Microsoft VS Code\2a59476c9b\resources\app\out\vs\platform\accessibilitySignal\browser\media\chatEditModifiedFile.mp3",".mp3","20800","2026-10-06T06:40:10.000Z"
"C:\","2026-10-08T20:48:23.337Z","Users\azzur\AppData\Local\Programs\Microsoft VS Code\2a59476c9b\resources\app\out\vs\platform\accessibilitySignal\browser\media\chatUserActionRequired.mp3","chatUserActionRequired.mp3","chatUserActionRequired","C:\Users\azzur\AppData\Local\Programs\Microsoft VS Code\2a59476c9b\resources\app\out\vs\platform\accessibilitySignal\browser\media\chatUserActionRequired.mp3",".mp3","30592","2026-10-06T06:40:10.000Z"
"C:\","2026-10-08T20:48:23.337Z","Users\azzur\AppData\Local\Programs\Microsoft VS Code\2a59476c9b\resources\app\out\vs\platform\accessibilitySignal\browser\media\clear.mp3","clear.mp3","clear","C:\Users\azzur\AppData\Local\Programs\Microsoft VS Code\2a59476c9b\resources\app\out\vs\platform\accessibilitySignal\browser\media\clear.mp3",".mp3","26560","2026-10-06T06:40:10.000Z"
"C:\","2026-10-08T20:48:23.337Z","Users\azzur\AppData\Local\Programs\Microsoft VS Code\2a59476c9b\resources\app\out\vs\platform\accessibilitySignal\browser\media\codeActionApplied.mp3","codeActionApplied.mp3","codeActionApplied","C:\Users\azzur\AppData\Local\Programs\Microsoft VS Code\2a59476c9b\resources\app\out\vs\platform\accessibilitySignal\browser\media\codeActionApplied.mp3",".mp3","50176","2026-10-06T06:40:10.000Z"
"C:\","2026-10-08T20:48:23.337Z","Users\azzur\AppData\Local\Programs\Microsoft VS Code\2a59476c9b\resources\app\out\vs\platform\accessibilitySignal\browser\media\codeActionTriggered.mp3","codeActionTriggered.mp3","codeActionTriggered","C:\Users\azzur\AppData\Local\Programs\Microsoft VS Code\2a59476c9b\resources\app\out\vs\platform\accessibilitySignal\browser\media\codeActionTriggered.mp3",".mp3","47296","2026-10-06T06:40:10.000Z"
"C:\","2026-10-08T20:48:23.337Z","Users\azzur\AppData\Local\Programs\Microsoft VS Code\2a59476c9b\resources\app\out\vs\platform\accessibilitySignal\browser\media\confetti.mp3","confetti.mp3","confetti","C:\Users\azzur\AppData\Local\Programs\Microsoft VS Code\2a59476c9b\resources\app\out\vs\platform\accessibilitySignal\browser\media\confetti.mp3",".mp3","19071","2026-10-06T06:40:10.000Z"
"C:\","2026-10-08T20:48:23.337Z","Users\azzur\AppData\Local\Programs\Microsoft VS Code\2a59476c9b\resources\app\out\vs\platform\accessibilitySignal\browser\media\diffLineDeleted.mp3","diffLineDeleted.mp3","diffLineDeleted","C:\Users\azzur\AppData\Local\Programs\Microsoft VS Code\2a59476c9b\resources\app\out\vs\platform\accessibilitySignal\browser\media\diffLineDeleted.mp3",".mp3","36928","2026-10-06T06:40:10.000Z"
"C:\","2026-10-08T20:48:23.337Z","Users\azzur\AppData\Local\Programs\Microsoft VS Code\2a59476c9b\resources\app\out\vs\platform\accessibilitySignal\browser\media\diffLineInserted.mp3","diffLineInserted.mp3","diffLineInserted","C:\Users\azzur\AppData\Local\Programs\Microsoft VS Code\2a59476c9b\resources\app\out\vs\platform\accessibilitySignal\browser\media\diffLineInserted.mp3",".mp3","36928","2026-10-06T06:40:10.000Z"
"C:\","2026-10-08T20:48:23.337Z","Users\azzur\AppData\Local\Programs\Microsoft VS Code\2a59476c9b\resources\app\out\vs\platform\accessibilitySignal\browser\media\diffLineModified.mp3","diffLineModified.mp3","diffLineModified","C:\Users\azzur\AppData\Local\Programs\Microsoft VS Code\2a59476c9b\resources\app\out\vs\platform\accessibilitySignal\browser\media\diffLineModified.mp3",".mp3","36928","2026-10-06T06:40:10.000Z"
"C:\","2026-10-08T20:48:23.337Z","Users\azzur\AppData\Local\Programs\Microsoft VS Code\2a59476c9b\resources\app\out\vs\platform\accessibilitySignal\browser\media\editsKept.mp3","editsKept.mp3","editsKept","C:\Users\azzur\AppData\Local\Programs\Microsoft VS Code\2a59476c9b\resources\app\out\vs\platform\accessibilitySignal\browser\media\editsKept.mp3",".mp3","49600","2026-10-06T06:40:10.000Z"
"C:\","2026-10-08T20:48:23.337Z","Users\azzur\AppData\Local\Programs\Microsoft VS Code\2a59476c9b\resources\app\out\vs\platform\accessibilitySignal\browser\media\editsUndone.mp3","editsUndone.mp3","editsUndone","C:\Users\azzur\AppData\Local\Programs\Microsoft VS Code\2a59476c9b\resources\app\out\vs\platform\accessibilitySignal\browser\media\editsUndone.mp3",".mp3","35200","2026-10-06T06:40:10.000Z"
"C:\","2026-10-08T20:48:23.337Z","Users\azzur\AppData\Local\Programs\Microsoft VS Code\2a59476c9b\resources\app\out\vs\platform\accessibilitySignal\browser\media\error.mp3","error.mp3","error","C:\Users\azzur\AppData\Local\Programs\Microsoft VS Code\2a59476c9b\resources\app\out\vs\platform\accessibilitySignal\browser\media\error.mp3",".mp3","38080","2026-10-06T06:40:10.000Z"
"C:\","2026-10-08T20:48:23.337Z","Users\azzur\AppData\Local\Programs\Microsoft VS Code\2a59476c9b\resources\app\out\vs\platform\accessibilitySignal\browser\media\foldedAreas.mp3","foldedAreas.mp3","foldedAreas","C:\Users\azzur\AppData\Local\Programs\Microsoft VS Code\2a59476c9b\resources\app\out\vs\platform\accessibilitySignal\browser\media\foldedAreas.mp3",".mp3","22528","2026-10-06T06:40:10.000Z"
"C:\","2026-10-08T20:48:23.337Z","Users\azzur\AppData\Local\Programs\Microsoft VS Code\2a59476c9b\resources\app\out\vs\platform\accessibilitySignal\browser\media\format.mp3","format.mp3","format","C:\Users\azzur\AppData\Local\Programs\Microsoft VS Code\2a59476c9b\resources\app\out\vs\platform\accessibilitySignal\browser\media\format.mp3",".mp3","39808","2026-10-06T06:40:10.000Z"
"C:\","2026-10-08T20:48:23.337Z","Users\azzur\AppData\Local\Programs\Microsoft VS Code\2a59476c9b\resources\app\out\vs\platform\accessibilitySignal\browser\media\nextEditSuggestion.mp3","nextEditSuggestion.mp3","nextEditSuggestion","C:\Users\azzur\AppData\Local\Programs\Microsoft VS Code\2a59476c9b\resources\app\out\vs\platform\accessibilitySignal\browser\media\nextEditSuggestion.mp3",".mp3","35776","2026-10-06T06:40:10.000Z"
"C:\","2026-10-08T20:48:23.337Z","Users\azzur\AppData\Local\Programs\Microsoft VS Code\2a59476c9b\resources\app\out\vs\platform\accessibilitySignal\browser\media\progress.mp3","progress.mp3","progress","C:\Users\azzur\AppData\Local\Programs\Microsoft VS Code\2a59476c9b\resources\app\out\vs\platform\accessibilitySignal\browser\media\progress.mp3",".mp3","30016","2026-10-06T06:40:10.000Z"
"C:\","2026-10-08T20:48:23.337Z","Users\azzur\AppData\Local\Programs\Microsoft VS Code\2a59476c9b\resources\app\out\vs\platform\accessibilitySignal\browser\media\quickFixes.mp3","quickFixes.mp3","quickFixes","C:\Users\azzur\AppData\Local\Programs\Microsoft VS Code\2a59476c9b\resources\app\out\vs\platform\accessibilitySignal\browser\media\quickFixes.mp3",".mp3","29440","2026-10-06T06:40:10.000Z"
"C:\","2026-10-08T20:48:23.337Z","Users\azzur\AppData\Local\Programs\Microsoft VS Code\2a59476c9b\resources\app\out\vs\platform\accessibilitySignal\browser\media\requestSent.mp3","requestSent.mp3","requestSent","C:\Users\azzur\AppData\Local\Programs\Microsoft VS Code\2a59476c9b\resources\app\out\vs\platform\accessibilitySignal\browser\media\requestSent.mp3",".mp3","42112","2026-10-06T06:40:10.000Z"
"C:\","2026-10-08T20:48:23.337Z","Users\azzur\AppData\Local\Programs\Microsoft VS Code\2a59476c9b\resources\app\out\vs\platform\accessibilitySignal\browser\media\responseReceived1.mp3","responseReceived1.mp3","responseReceived1","C:\Users\azzur\AppData\Local\Programs\Microsoft VS Code\2a59476c9b\resources\app\out\vs\platform\accessibilitySignal\browser\media\responseReceived1.mp3",".mp3","33472","2026-10-06T06:40:10.000Z"
"C:\","2026-10-08T20:48:23.337Z","Users\azzur\AppData\Local\Programs\Microsoft VS Code\2a59476c9b\resources\app\out\vs\platform\accessibilitySignal\browser\media\responseReceived2.mp3","responseReceived2.mp3","responseReceived2","C:\Users\azzur\AppData\Local\Programs\Microsoft VS Code\2a59476c9b\resources\app\out\vs\platform\accessibilitySignal\browser\media\responseReceived2.mp3",".mp3","33472","2026-10-06T06:40:10.000Z"
"C:\","2026-10-08T20:48:23.337Z","Users\azzur\AppData\Local\Programs\Microsoft VS Code\2a59476c9b\resources\app\out\vs\platform\accessibilitySignal\browser\media\responseReceived3.mp3","responseReceived3.mp3","responseReceived3","C:\Users\azzur\AppData\Local\Programs\Microsoft VS Code\2a59476c9b\resources\app\out\vs\platform\accessibilitySignal\browser\media\responseReceived3.mp3",".mp3","36352","2026-10-06T06:40:10.000Z"
"C:\","2026-10-08T20:48:23.337Z","Users\azzur\AppData\Local\Programs\Microsoft VS Code\2a59476c9b\resources\app\out\vs\platform\accessibilitySignal\browser\media\responseReceived4.mp3","responseReceived4.mp3","responseReceived4","C:\Users\azzur\AppData\Local\Programs\Microsoft VS Code\2a59476c9b\resources\app\out\vs\platform\accessibilitySignal\browser\media\responseReceived4.mp3",".mp3","31168","2026-10-06T06:40:10.000Z"
"C:\","2026-10-08T20:48:23.337Z","Users\azzur\AppData\Local\Programs\Microsoft VS Code\2a59476c9b\resources\app\out\vs\platform\accessibilitySignal\browser\media\save.mp3","save.mp3","save","C:\Users\azzur\AppData\Local\Programs\Microsoft VS Code\2a59476c9b\resources\app\out\vs\platform\accessibilitySignal\browser\media\save.mp3",".mp3","30144","2026-10-06T06:40:10.000Z"
"C:\","2026-10-08T20:48:23.337Z","Users\azzur\AppData\Local\Programs\Microsoft VS Code\2a59476c9b\resources\app\out\vs\platform\accessibilitySignal\browser\media\success.mp3","success.mp3","success","C:\Users\azzur\AppData\Local\Programs\Microsoft VS Code\2a59476c9b\resources\app\out\vs\platform\accessibilitySignal\browser\media\success.mp3",".mp3","24832","2026-10-06T06:40:10.000Z"
"C:\","2026-10-08T20:48:23.337Z","Users\azzur\AppData\Local\Programs\Microsoft VS Code\2a59476c9b\resources\app\out\vs\platform\accessibilitySignal\browser\media\taskCompleted.mp3","taskCompleted.mp3","taskCompleted","C:\Users\azzur\AppData\Local\Programs\Microsoft VS Code\2a59476c9b\resources\app\out\vs\platform\accessibilitySignal\browser\media\taskCompleted.mp3",".mp3","60521","2026-10-06T06:40:10.000Z"
"C:\","2026-10-08T20:48:23.337Z","Users\azzur\AppData\Local\Programs\Microsoft VS Code\2a59476c9b\resources\app\out\vs\platform\accessibilitySignal\browser\media\taskFailed.mp3","taskFailed.mp3","taskFailed","C:\Users\azzur\AppData\Local\Programs\Microsoft VS Code\2a59476c9b\resources\app\out\vs\platform\accessibilitySignal\browser\media\taskFailed.mp3",".mp3","70552","2026-10-06T06:40:10.000Z"
"C:\","2026-10-08T20:48:23.337Z","Users\azzur\AppData\Local\Programs\Microsoft VS Code\2a59476c9b\resources\app\out\vs\platform\accessibilitySignal\browser\media\terminalBell.mp3","terminalBell.mp3","terminalBell","C:\Users\azzur\AppData\Local\Programs\Microsoft VS Code\2a59476c9b\resources\app\out\vs\platform\accessibilitySignal\browser\media\terminalBell.mp3",".mp3","27712","2026-10-06T06:40:10.000Z"
"C:\","2026-10-08T20:48:23.337Z","Users\azzur\AppData\Local\Programs\Microsoft VS Code\2a59476c9b\resources\app\out\vs\platform\accessibilitySignal\browser\media\terminalCommandSucceeded.mp3","terminalCommandSucceeded.mp3","terminalCommandSucceeded","C:\Users\azzur\AppData\Local\Programs\Microsoft VS Code\2a59476c9b\resources\app\out\vs\platform\accessibilitySignal\browser\media\terminalCommandSucceeded.mp3",".mp3","29440","2026-10-06T06:40:10.000Z"
"C:\","2026-10-08T20:48:23.337Z","Users\azzur\AppData\Local\Programs\Microsoft VS Code\2a59476c9b\resources\app\out\vs\platform\accessibilitySignal\browser\media\voiceRecordingStarted.mp3","voiceRecordingStarted.mp3","voiceRecordingStarted","C:\Users\azzur\AppData\Local\Programs\Microsoft VS Code\2a59476c9b\resources\app\out\vs\platform\accessibilitySignal\browser\media\voiceRecordingStarted.mp3",".mp3","33472","2026-10-06T06:40:10.000Z"
"C:\","2026-10-08T20:48:23.337Z","Users\azzur\AppData\Local\Programs\Microsoft VS Code\2a59476c9b\resources\app\out\vs\platform\accessibilitySignal\browser\media\voiceRecordingStopped.mp3","voiceRecordingStopped.mp3","voiceRecordingStopped","C:\Users\azzur\AppData\Local\Programs\Microsoft VS Code\2a59476c9b\resources\app\out\vs\platform\accessibilitySignal\browser\media\voiceRecordingStopped.mp3",".mp3","25408","2026-10-06T06:40:10.000Z"
"C:\","2026-10-08T20:48:23.337Z","Users\azzur\AppData\Local\Programs\Microsoft VS Code\2a59476c9b\resources\app\out\vs\platform\accessibilitySignal\browser\media\warning.mp3","warning.mp3","warning","C:\Users\azzur\AppData\Local\Programs\Microsoft VS Code\2a59476c9b\resources\app\out\vs\platform\accessibilitySignal\browser\media\warning.mp3",".mp3","38080","2026-10-06T06:40:10.000Z"
"C:\","2026-10-08T20:48:23.337Z","Users\azzur\AppData\Local\Programs\Microsoft VS Code\2a59476c9b\resources\app\out\vs\workbench\contrib\agentsVoice\browser\media\daniel_neutral.mp3","daniel_neutral.mp3","daniel_neutral","C:\Users\azzur\AppData\Local\Programs\Microsoft VS Code\2a59476c9b\resources\app\out\vs\workbench\contrib\agentsVoice\browser\media\daniel_neutral.mp3",".mp3","106317","2026-10-06T06:40:10.000Z"
"C:\","2026-10-08T20:48:23.337Z","Users\azzur\AppData\Local\Programs\Microsoft VS Code\2a59476c9b\resources\app\out\vs\workbench\contrib\agentsVoice\browser\media\de_marc_neutral.mp3","de_marc_neutral.mp3","de_marc_neutral","C:\Users\azzur\AppData\Local\Programs\Microsoft VS Code\2a59476c9b\resources\app\out\vs\workbench\contrib\agentsVoice\browser\media\de_marc_neutral.mp3",".mp3","134253","2026-10-06T06:40:10.000Z"
"C:\","2026-10-08T20:48:23.337Z","Users\azzur\AppData\Local\Programs\Microsoft VS Code\2a59476c9b\resources\app\out\vs\workbench\contrib\agentsVoice\browser\media\es-ES_maria_neutral.mp3","es-ES_maria_neutral.mp3","es-ES_maria_neutral","C:\Users\azzur\AppData\Local\Programs\Microsoft VS Code\2a59476c9b\resources\app\out\vs\workbench\contrib\agentsVoice\browser\media\es-ES_maria_neutral.mp3",".mp3","111501","2026-10-06T06:40:10.000Z"
"C:\","2026-10-08T20:48:23.337Z","Users\azzur\AppData\Local\Programs\Microsoft VS Code\2a59476c9b\resources\app\out\vs\workbench\contrib\agentsVoice\browser\media\fr_david_neutral.mp3","fr_david_neutral.mp3","fr_david_neutral","C:\Users\azzur\AppData\Local\Programs\Microsoft VS Code\2a59476c9b\resources\app\out\vs\workbench\contrib\agentsVoice\browser\media\fr_david_neutral.mp3",".mp3","182925","2026-10-06T06:40:10.000Z"
"C:\","2026-10-08T20:48:23.337Z","Users\azzur\AppData\Local\Programs\Microsoft VS Code\2a59476c9b\resources\app\out\vs\workbench\contrib\agentsVoice\browser\media\it_eva_neutral.mp3","it_eva_neutral.mp3","it_eva_neutral","C:\Users\azzur\AppData\Local\Programs\Microsoft VS Code\2a59476c9b\resources\app\out\vs\workbench\contrib\agentsVoice\browser\media\it_eva_neutral.mp3",".mp3","182349","2026-10-06T06:40:10.000Z"
"C:\","2026-10-08T20:48:23.337Z","Users\azzur\AppData\Local\Programs\Microsoft VS Code\2a59476c9b\resources\app\out\vs\workbench\contrib\agentsVoice\browser\media\ja_aruha_neutral.mp3","ja_aruha_neutral.mp3","ja_aruha_neutral","C:\Users\azzur\AppData\Local\Programs\Microsoft VS Code\2a59476c9b\resources\app\out\vs\workbench\contrib\agentsVoice\browser\media\ja_aruha_neutral.mp3",".mp3","185229","2026-10-06T06:40:10.000Z"
"C:\","2026-10-08T20:48:23.337Z","Users\azzur\AppData\Local\Programs\Microsoft VS Code\2a59476c9b\resources\app\out\vs\workbench\contrib\agentsVoice\browser\media\kevin_neutral.mp3","kevin_neutral.mp3","kevin_neutral","C:\Users\azzur\AppData\Local\Programs\Microsoft VS Code\2a59476c9b\resources\app\out\vs\workbench\contrib\agentsVoice\browser\media\kevin_neutral.mp3",".mp3","111501","2026-10-06T06:40:10.000Z"
"C:\","2026-10-08T20:48:23.337Z","Users\azzur\AppData\Local\Programs\Microsoft VS Code\2a59476c9b\resources\app\out\vs\workbench\contrib\agentsVoice\browser\media\ko_jiyon_neutral.mp3","ko_jiyon_neutral.mp3","ko_jiyon_neutral","C:\Users\azzur\AppData\Local\Programs\Microsoft VS Code\2a59476c9b\resources\app\out\vs\workbench\contrib\agentsVoice\browser\media\ko_jiyon_neutral.mp3",".mp3","195021","2026-10-06T06:40:10.000Z"
"C:\","2026-10-08T20:48:23.337Z","Users\azzur\AppData\Local\Programs\Microsoft VS Code\2a59476c9b\resources\app\out\vs\workbench\contrib\agentsVoice\browser\media\maya_neutral.mp3","maya_neutral.mp3","maya_neutral","C:\Users\azzur\AppData\Local\Programs\Microsoft VS Code\2a59476c9b\resources\app\out\vs\workbench\contrib\agentsVoice\browser\media\maya_neutral.mp3",".mp3","148077","2026-10-06T06:40:10.000Z"
"C:\","2026-10-08T20:48:23.337Z","Users\azzur\AppData\Local\Programs\Microsoft VS Code\2a59476c9b\resources\app\out\vs\workbench\contrib\agentsVoice\browser\media\pt-BR_gil_neutral.mp3","pt-BR_gil_neutral.mp3","pt-BR_gil_neutral","C:\Users\azzur\AppData\Local\Programs\Microsoft VS Code\2a59476c9b\resources\app\out\vs\workbench\contrib\agentsVoice\browser\media\pt-BR_gil_neutral.mp3",".mp3","137997","2026-10-06T06:40:10.000Z"
"C:\","2026-10-08T20:48:23.337Z","Users\azzur\AppData\Local\Programs\Microsoft VS Code\2a59476c9b\resources\app\out\vs\workbench\contrib\agentsVoice\browser\media\victoria_neutral.mp3","victoria_neutral.mp3","victoria_neutral","C:\Users\azzur\AppData\Local\Programs\Microsoft VS Code\2a59476c9b\resources\app\out\vs\workbench\contrib\agentsVoice\browser\media\victoria_neutral.mp3",".mp3","117837","2026-10-06T06:40:10.000Z"
"C:\","2026-10-08T20:48:23.337Z","Users\azzur\AppData\Local\Programs\Microsoft VS Code\2a59476c9b\resources\app\out\vs\workbench\contrib\agentsVoice\browser\media\zh_wuzhi_neutral.mp3","zh_wuzhi_neutral.mp3","zh_wuzhi_neutral","C:\Users\azzur\AppData\Local\Programs\Microsoft VS Code\2a59476c9b\resources\app\out\vs\workbench\contrib\agentsVoice\browser\media\zh_wuzhi_neutral.mp3",".mp3","200493","2026-10-06T06:40:10.000Z"
"C:\","2026-10-08T20:48:23.337Z","Users\azzur\OneDrive\Desktop\BACKUP HTML & Borderò\VARIE\PC CALCIO 7 originale\CALCIO7\SFX\MONITORUP.WAV","MONITORUP.WAV","MONITORUP.WAV","C:\Users\azzur\OneDrive\Desktop\BACKUP HTML & Borderò\VARIE\PC CALCIO 7 originale\CALCIO7\SFX\MONITORUP.WAV",".wav","8554","1995-06-10T13:57:50.000Z"
"C:\","2026-10-08T20:48:23.337Z","Users\azzur\OneDrive\Desktop\BACKUP HTML & Borderò\VARIE\PC CALCIO 7 originale\CALCIO7\SONIDOS\CLICK_3.WAV","CLICK_3.WAV","CLICK_3.WAV","C:\Users\azzur\OneDrive\Desktop\BACKUP HTML & Borderò\VARIE\PC CALCIO 7 originale\CALCIO7\SONIDOS\CLICK_3.WAV",".wav","2274","1998-12-16T12:16:42.000Z"
"C:\","2026-10-08T20:48:23.337Z","Users\azzur\OneDrive\Desktop\BACKUP HTML & Borderò\VARIE\PC CALCIO 7 originale\CALCIO7\SONIDOS\CLICK_4.WAV","CLICK_4.WAV","CLICK_4.WAV","C:\Users\azzur\OneDrive\Desktop\BACKUP HTML & Borderò\VARIE\PC CALCIO 7 originale\CALCIO7\SONIDOS\CLICK_4.WAV",".wav","1270","1998-12-16T12:16:44.000Z"
"C:\","2026-10-08T20:48:23.337Z","Users\azzur\OneDrive\Documenti\VSC_Live_Server_backups\VSC_Live_Server\archivio\TARANTELLA.mp3","TARANTELLA.mp3","TARANTELLA","C:\Users\azzur\OneDrive\Documenti\VSC_Live_Server_backups\VSC_Live_Server\archivio\TARANTELLA.mp3",".mp3","2356144","2026-08-23T11:37:13.110Z"
"C:\","2026-10-08T20:48:23.337Z","VSC_Live_Server\archivio\TARANTELLA.mp3","TARANTELLA.mp3","TARANTELLA","C:\VSC_Live_Server\archivio\TARANTELLA.mp3",".mp3","2356144","2026-08-23T11:37:13.110Z"
"C:\","2026-10-08T20:48:23.337Z","VSC_MP3\(101) I like it, I love it,- Tim Mc Graw.mp3","(101) I like it, I love it,- Tim Mc Graw.mp3","(101) I like it, I love it,- Tim Mc Graw","C:\VSC_MP3\(101) I like it, I love it,- Tim Mc Graw.mp3",".mp3","5812408","2026-08-25T11:41:59.963Z"
"C:\","2026-10-08T20:48:23.337Z","VSC_MP3\(16 STEPS-ELECTRIC STOMP-WESTERN STYLE) - Louisiana.mp3","(16 STEPS-ELECTRIC STOMP-WESTERN STYLE) - Louisiana.mp3","(16 STEPS-ELECTRIC STOMP-WESTERN STYLE) - Louisiana","C:\VSC_MP3\(16 STEPS-ELECTRIC STOMP-WESTERN STYLE) - Louisiana.mp3",".mp3","5474810","2026-08-25T11:41:59.919Z"
"C:\","2026-10-08T20:48:23.337Z","VSC_MP3\(BLACK COFFEE) Lacy J Dalton.mp3","(BLACK COFFEE) Lacy J Dalton.mp3","(BLACK COFFEE) Lacy J Dalton","C:\VSC_MP3\(BLACK COFFEE) Lacy J Dalton.mp3",".mp3","5196193","2026-08-25T11:42:00.003Z"
"C:\","2026-10-08T20:48:23.337Z","VSC_MP3\(BLACK COFFEE) Last Christmas.mp3","(BLACK COFFEE) Last Christmas.mp3","(BLACK COFFEE) Last Christmas","C:\VSC_MP3\(BLACK COFFEE) Last Christmas.mp3",".mp3","5983499","2026-08-25T11:42:00.051Z"
"C:\","2026-10-08T20:48:23.337Z","VSC_MP3\(BLACK COFFEE) Mariah Carey-All I Want For Christmas Is You.mp3","(BLACK COFFEE) Mariah Carey-All I Want For Christmas Is You.mp3","(BLACK COFFEE) Mariah Carey-All I Want For Christmas Is You","C:\VSC_MP3\(BLACK COFFEE) Mariah Carey-All I Want For Christmas Is You.mp3",".mp3","5906305","2026-08-25T11:42:00.105Z"
"C:\","2026-10-08T20:48:23.337Z","VSC_MP3\(BLACK COFFEE)-shania_twain-party_for_two_(with_billy_currington)-ego.mp3","(BLACK COFFEE)-shania_twain-party_for_two_(with_billy_currington)-ego.mp3","(BLACK COFFEE)-shania_twain-party_for_two_(with_billy_currington)-ego","C:\VSC_MP3\(BLACK COFFEE)-shania_twain-party_for_two_(with_billy_currington)-ego.mp3",".mp3","5976980","2026-08-25T11:41:56.301Z"
"C:\","2026-10-08T20:48:23.337Z","VSC_MP3\(CANDY KISS) Bottoms Up (feat. T.I.) [Remix] copia.mp3","(CANDY KISS) Bottoms Up (feat. T.I.) [Remix] copia.mp3","(CANDY KISS) Bottoms Up (feat. T.I.) [Remix] copia","C:\VSC_MP3\(CANDY KISS) Bottoms Up (feat. T.I.) [Remix] copia.mp3",".mp3","5503330","2026-08-25T11:41:56.349Z"
"C:\","2026-10-08T20:48:23.337Z","VSC_MP3\(CANDY KISS) Kick the Dust Up.mp3","(CANDY KISS) Kick the Dust Up.mp3","(CANDY KISS) Kick the Dust Up","C:\VSC_MP3\(CANDY KISS) Kick the Dust Up.mp3",".mp3","4580748","2026-08-25T11:41:56.384Z"
"C:\","2026-10-08T20:48:23.337Z","VSC_MP3\(CANDY KISSES-SWEET HOME ALABAMA) Sweet Home Alabama.mp3","(CANDY KISSES-SWEET HOME ALABAMA) Sweet Home Alabama.mp3","(CANDY KISSES-SWEET HOME ALABAMA) Sweet Home Alabama","C:\VSC_MP3\(CANDY KISSES-SWEET HOME ALABAMA) Sweet Home Alabama.mp3",".mp3","8531014","2026-08-25T11:41:56.439Z"
"C:\","2026-10-08T20:48:23.337Z","VSC_MP3\(CHANGING DANCE) All Over Again 2.mp3","(CHANGING DANCE) All Over Again 2.mp3","(CHANGING DANCE) All Over Again 2","C:\VSC_MP3\(CHANGING DANCE) All Over Again 2.mp3",".mp3","5970755","2026-08-25T11:41:56.482Z"
"C:\","2026-10-08T20:48:23.337Z","VSC_MP3\(CHEERLEADER) Cheerleader.mp3","(CHEERLEADER) Cheerleader.mp3","(CHEERLEADER) Cheerleader","C:\VSC_MP3\(CHEERLEADER) Cheerleader.mp3",".mp3","4326211","2026-08-25T11:41:56.513Z"
"C:\","2026-10-08T20:48:23.337Z","VSC_MP3\(CHEYENNE - I FEEL LUCKY - Mary Chapin Carpenter.mp3","(CHEYENNE - I FEEL LUCKY - Mary Chapin Carpenter.mp3","(CHEYENNE - I FEEL LUCKY - Mary Chapin Carpenter","C:\VSC_MP3\(CHEYENNE - I FEEL LUCKY - Mary Chapin Carpenter.mp3",".mp3","3429897","2026-08-25T11:41:56.540Z"
"C:\","2026-10-08T20:48:23.337Z","VSC_MP3\(CHEYENNE-ELECTRIC SLIDE) Santas Gonna Take It All Back.mp3","(CHEYENNE-ELECTRIC SLIDE) Santas Gonna Take It All Back.mp3","(CHEYENNE-ELECTRIC SLIDE) Santas Gonna Take It All Back","C:\VSC_MP3\(CHEYENNE-ELECTRIC SLIDE) Santas Gonna Take It All Back.mp3",".mp3","4695598","2026-08-25T11:41:56.736Z"
"C:\","2026-10-08T20:48:23.337Z","VSC_MP3\(CHEYENNE-START THE CAR- BLACK COFFEE) Why Couldn_t It Be Christmas Everyday_.mp3","(CHEYENNE-START THE CAR- BLACK COFFEE) Why Couldn_t It Be Christmas Everyday_.mp3","(CHEYENNE-START THE CAR- BLACK COFFEE) Why Couldn_t It Be Christmas Everyday_","C:\VSC_MP3\(CHEYENNE-START THE CAR- BLACK COFFEE) Why Couldn_t It Be Christmas Everyday_.mp3",".mp3","6125776","2026-08-25T11:41:56.778Z"
"C:\","2026-10-08T20:48:23.337Z","VSC_MP3\(CHEYENNE) - Feels just like a love song.mp3","(CHEYENNE) - Feels just like a love song.mp3","(CHEYENNE) - Feels just like a love song","C:\VSC_MP3\(CHEYENNE) - Feels just like a love song.mp3",".mp3","3188604","2026-08-25T11:41:56.567Z"
"C:\","2026-10-08T20:48:23.337Z","VSC_MP3\(CHEYENNE) Mamma mia (He_s italiano).mp3","(CHEYENNE) Mamma mia (He_s italiano).mp3","(CHEYENNE) Mamma mia (He_s italiano)","C:\VSC_MP3\(CHEYENNE) Mamma mia (He_s italiano).mp3",".mp3","5228375","2026-08-25T11:41:56.605Z"
"C:\","2026-10-08T20:48:23.337Z","VSC_MP3\(CHEYENNE) Old Town Road.mp3","(CHEYENNE) Old Town Road.mp3","(CHEYENNE) Old Town Road","C:\VSC_MP3\(CHEYENNE) Old Town Road.mp3",".mp3","3775758","2026-08-25T11:41:56.634Z"
"C:\","2026-10-08T20:48:23.337Z","VSC_MP3\(CHEYENNE) Shania Twain-I_m gonna getcha good.mp3","(CHEYENNE) Shania Twain-I_m gonna getcha good.mp3","(CHEYENNE) Shania Twain-I_m gonna getcha good","C:\VSC_MP3\(CHEYENNE) Shania Twain-I_m gonna getcha good.mp3",".mp3","5486979","2026-08-25T11:41:56.671Z"
"C:\","2026-10-08T20:48:23.337Z","VSC_MP3\(CHEYENNE) Tutta L_Italia.mp3","(CHEYENNE) Tutta L_Italia.mp3","(CHEYENNE) Tutta L_Italia","C:\VSC_MP3\(CHEYENNE) Tutta L_Italia.mp3",".mp3","4250978","2026-08-25T11:41:56.702Z"
"C:\","2026-10-08T20:48:23.337Z","VSC_MP3\(COPPERHEAD ROAD) Copperhead Road -Steve Earle.mp3","(COPPERHEAD ROAD) Copperhead Road -Steve Earle.mp3","(COPPERHEAD ROAD) Copperhead Road -Steve Earle","C:\VSC_MP3\(COPPERHEAD ROAD) Copperhead Road -Steve Earle.mp3",".mp3","6541791","2026-08-25T11:41:56.822Z"
"C:\","2026-10-08T20:48:23.337Z","VSC_MP3\(COUNTRY AS CAN BE) Country As a Boy Can Be.mp3","(COUNTRY AS CAN BE) Country As a Boy Can Be.mp3","(COUNTRY AS CAN BE) Country As a Boy Can Be","C:\VSC_MP3\(COUNTRY AS CAN BE) Country As a Boy Can Be.mp3",".mp3","5199143","2026-08-25T11:41:56.859Z"
"C:\","2026-10-08T20:48:23.337Z","VSC_MP3\(COWBOY CASANOVA-URBAN LIFE)- Nickelback - Gotta Be Somebody 2.mp3","(COWBOY CASANOVA-URBAN LIFE)- Nickelback - Gotta Be Somebody 2.mp3","(COWBOY CASANOVA-URBAN LIFE)- Nickelback - Gotta Be Somebody 2","C:\VSC_MP3\(COWBOY CASANOVA-URBAN LIFE)- Nickelback - Gotta Be Somebody 2.mp3",".mp3","6107236","2026-08-25T11:41:56.903Z"
"C:\","2026-10-08T20:48:23.337Z","VSC_MP3\(COWBOY STRUT- COUNTRY AS CAN BE) - Christmas (Baby Please Come Home).mp3","(COWBOY STRUT- COUNTRY AS CAN BE) - Christmas (Baby Please Come Home).mp3","(COWBOY STRUT- COUNTRY AS CAN BE) - Christmas (Baby Please Come Home)","C:\VSC_MP3\(COWBOY STRUT- COUNTRY AS CAN BE) - Christmas (Baby Please Come Home).mp3",".mp3","7734515","2026-08-25T11:41:56.953Z"
"C:\","2026-10-08T20:48:23.337Z","VSC_MP3\(CRASH AND BURN) Crash and Burn.mp3","(CRASH AND BURN) Crash and Burn.mp3","(CRASH AND BURN) Crash and Burn","C:\VSC_MP3\(CRASH AND BURN) Crash and Burn.mp3",".mp3","4630903","2026-08-25T11:41:56.985Z"
"C:\","2026-10-08T20:48:23.337Z","VSC_MP3\(CUT AND STRUT) Suds In the Bucket.mp3","(CUT AND STRUT) Suds In the Bucket.mp3","(CUT AND STRUT) Suds In the Bucket","C:\VSC_MP3\(CUT AND STRUT) Suds In the Bucket.mp3",".mp3","5534071","2026-08-25T11:41:57.023Z"
"C:\","2026-10-08T20:48:23.337Z","VSC_MP3\(DARK SIDE) Hell if i know - Chase Bryant 1.mp3","(DARK SIDE) Hell if i know - Chase Bryant 1.mp3","(DARK SIDE) Hell if i know - Chase Bryant 1","C:\VSC_MP3\(DARK SIDE) Hell if i know - Chase Bryant 1.mp3",".mp3","4734119","2026-08-25T11:41:57.056Z"
"C:\","2026-10-08T20:48:23.337Z","VSC_MP3\(ELECTRIC SLIDE) Nathan Carter-12.Let me be There.mp3","(ELECTRIC SLIDE) Nathan Carter-12.Let me be There.mp3","(ELECTRIC SLIDE) Nathan Carter-12.Let me be There","C:\VSC_MP3\(ELECTRIC SLIDE) Nathan Carter-12.Let me be There.mp3",".mp3","5256425","2026-08-25T11:41:57.094Z"
"C:\","2026-10-08T20:48:23.337Z","VSC_MP3\(ELECTRIC SLIDE) rascal_flatts-jingle_bell_rock copia.mp3","(ELECTRIC SLIDE) rascal_flatts-jingle_bell_rock copia.mp3","(ELECTRIC SLIDE) rascal_flatts-jingle_bell_rock copia","C:\VSC_MP3\(ELECTRIC SLIDE) rascal_flatts-jingle_bell_rock copia.mp3",".mp3","5028217","2026-08-25T11:41:57.129Z"
"C:\","2026-10-08T20:48:23.337Z","VSC_MP3\(FIRST STOMP) Rednex- Cotton Eye Joe .mp3","(FIRST STOMP) Rednex- Cotton Eye Joe .mp3","(FIRST STOMP) Rednex- Cotton Eye Joe ","C:\VSC_MP3\(FIRST STOMP) Rednex- Cotton Eye Joe .mp3",".mp3","4722770","2026-08-25T11:41:57.164Z"
"C:\","2026-10-08T20:48:23.337Z","VSC_MP3\(GHOST  TOWN) Sam Outlaw.mp3","(GHOST  TOWN) Sam Outlaw.mp3","(GHOST  TOWN) Sam Outlaw","C:\VSC_MP3\(GHOST  TOWN) Sam Outlaw.mp3",".mp3","4898473","2026-08-25T11:41:57.224Z"
"C:\","2026-10-08T20:48:23.337Z","VSC_MP3\(GLASS OF WINE) Cry To Me.mp3","(GLASS OF WINE) Cry To Me.mp3","(GLASS OF WINE) Cry To Me","C:\VSC_MP3\(GLASS OF WINE) Cry To Me.mp3",".mp3","5040294","2026-08-25T11:41:57.260Z"
"C:\","2026-10-08T20:48:23.337Z","VSC_MP3\(IRISH CHANGE- CHAPPELLOISE) Sham Rock-Tell Me Ma .mp3","(IRISH CHANGE- CHAPPELLOISE) Sham Rock-Tell Me Ma .mp3","(IRISH CHANGE- CHAPPELLOISE) Sham Rock-Tell Me Ma ","C:\VSC_MP3\(IRISH CHANGE- CHAPPELLOISE) Sham Rock-Tell Me Ma .mp3",".mp3","5826057","2026-08-25T11:41:57.303Z"
"C:\","2026-10-08T20:48:23.337Z","VSC_MP3\(IRISH STEW) American Land.mp3","(IRISH STEW) American Land.mp3","(IRISH STEW) American Land","C:\VSC_MP3\(IRISH STEW) American Land.mp3",".mp3","6520287","2026-08-25T11:41:57.353Z"
"C:\","2026-10-08T20:48:23.337Z","VSC_MP3\(IRISH STEW) Cowboy Yodel Song.mp3","(IRISH STEW) Cowboy Yodel Song.mp3","(IRISH STEW) Cowboy Yodel Song","C:\VSC_MP3\(IRISH STEW) Cowboy Yodel Song.mp3",".mp3","3703033","2026-08-25T11:41:57.383Z"
"C:\","2026-10-08T20:48:23.337Z","VSC_MP3\(IRISH STEW) Irish stew.mp3","(IRISH STEW) Irish stew.mp3","(IRISH STEW) Irish stew","C:\VSC_MP3\(IRISH STEW) Irish stew.mp3",".mp3","7096926","2026-08-25T11:41:57.435Z"
"C:\","2026-10-08T20:48:23.337Z","VSC_MP3\(LINDI SHUFFLE)I Need More of You.mp3","(LINDI SHUFFLE)I Need More of You.mp3","(LINDI SHUFFLE)I Need More of You","C:\VSC_MP3\(LINDI SHUFFLE)I Need More of You.mp3",".mp3","5025916","2026-08-25T11:41:57.475Z"
"C:\","2026-10-08T20:48:23.337Z","VSC_MP3\(LONELY DRUM) Lonely Drum.mp3","(LONELY DRUM) Lonely Drum.mp3","(LONELY DRUM) Lonely Drum","C:\VSC_MP3\(LONELY DRUM) Lonely Drum.mp3",".mp3","5340597","2026-08-25T11:41:57.517Z"
"C:\","2026-10-08T20:48:23.337Z","VSC_MP3\(P3) Take It or Break It.mp3","(P3) Take It or Break It.mp3","(P3) Take It or Break It","C:\VSC_MP3\(P3) Take It or Break It.mp3",".mp3","4781473","2026-08-25T11:41:57.553Z"
"C:\","2026-10-08T20:48:23.337Z","VSC_MP3\(REDNECK ANGEL) Brighter Than the Sun.mp3","(REDNECK ANGEL) Brighter Than the Sun.mp3","(REDNECK ANGEL) Brighter Than the Sun","C:\VSC_MP3\(REDNECK ANGEL) Brighter Than the Sun.mp3",".mp3","5721818","2026-08-25T11:41:57.597Z"
"C:\","2026-10-08T20:48:23.337Z","VSC_MP3\(REDNECK ANGEL) Merry Go Round (The JaneDear Girls).mp3","(REDNECK ANGEL) Merry Go Round (The JaneDear Girls).mp3","(REDNECK ANGEL) Merry Go Round (The JaneDear Girls)","C:\VSC_MP3\(REDNECK ANGEL) Merry Go Round (The JaneDear Girls).mp3",".mp3","3142650","2026-08-25T11:41:57.625Z"
"C:\","2026-10-08T20:48:23.337Z","VSC_MP3\(REDNEK ANGEL) - Nickelback - If Today Was Your Last Day.mp3","(REDNEK ANGEL) - Nickelback - If Today Was Your Last Day.mp3","(REDNEK ANGEL) - Nickelback - If Today Was Your Last Day","C:\VSC_MP3\(REDNEK ANGEL) - Nickelback - If Today Was Your Last Day.mp3",".mp3","5999980","2026-08-25T11:41:57.667Z"
"C:\","2026-10-08T20:48:23.337Z","VSC_MP3\(START THE CAR-DOUBLE DUTCH) - Limes.mp3","(START THE CAR-DOUBLE DUTCH) - Limes.mp3","(START THE CAR-DOUBLE DUTCH) - Limes","C:\VSC_MP3\(START THE CAR-DOUBLE DUTCH) - Limes.mp3",".mp3","9512729","2026-08-25T11:41:57.836Z"
"C:\","2026-10-08T20:48:23.337Z","VSC_MP3\(START THE CAR) Gord Bamford - Farm Girl Strong.mp3","(START THE CAR) Gord Bamford - Farm Girl Strong.mp3","(START THE CAR) Gord Bamford - Farm Girl Strong","C:\VSC_MP3\(START THE CAR) Gord Bamford - Farm Girl Strong.mp3",".mp3","2739846","2026-08-25T11:41:57.694Z"
"C:\","2026-10-08T20:48:23.337Z","VSC_MP3\(START THE CAR) Jimmy Wayne - Kerosene Kid-Start the car copia.mp3","(START THE CAR) Jimmy Wayne - Kerosene Kid-Start the car copia.mp3","(START THE CAR) Jimmy Wayne - Kerosene Kid-Start the car copia","C:\VSC_MP3\(START THE CAR) Jimmy Wayne - Kerosene Kid-Start the car copia.mp3",".mp3","5038851","2026-08-25T11:41:57.730Z"
"C:\","2026-10-08T20:48:23.337Z","VSC_MP3\(START THE CAR) Travis Tritt- Start The Car.mp3","(START THE CAR) Travis Tritt- Start The Car.mp3","(START THE CAR) Travis Tritt- Start The Car","C:\VSC_MP3\(START THE CAR) Travis Tritt- Start The Car.mp3",".mp3","4020361","2026-08-25T11:41:57.764Z"
"C:\","2026-10-08T20:48:23.337Z","VSC_MP3\(THREE TEACHERS) Head Over Heels Jeff Mix 4.mp3","(THREE TEACHERS) Head Over Heels Jeff Mix 4.mp3","(THREE TEACHERS) Head Over Heels Jeff Mix 4","C:\VSC_MP3\(THREE TEACHERS) Head Over Heels Jeff Mix 4.mp3",".mp3","4709851","2026-08-25T11:41:57.872Z"
"C:\","2026-10-08T20:48:23.337Z","VSC_MP3\(TUSH PUSH) Be My Baby Tonight.mp3","(TUSH PUSH) Be My Baby Tonight.mp3","(TUSH PUSH) Be My Baby Tonight","C:\VSC_MP3\(TUSH PUSH) Be My Baby Tonight.mp3",".mp3","4149414","2026-08-25T11:41:57.908Z"
"C:\","2026-10-08T20:48:23.337Z","VSC_MP3\(TUSH PUSH) Don_t Know Why I Do It.mp3","(TUSH PUSH) Don_t Know Why I Do It.mp3","(TUSH PUSH) Don_t Know Why I Do It","C:\VSC_MP3\(TUSH PUSH) Don_t Know Why I Do It.mp3",".mp3","4128453","2026-08-25T11:41:57.941Z"
"C:\","2026-10-08T20:48:23.337Z","VSC_MP3\(TUSH PUSH) Honky Tonk Twist.mp3","(TUSH PUSH) Honky Tonk Twist.mp3","(TUSH PUSH) Honky Tonk Twist","C:\VSC_MP3\(TUSH PUSH) Honky Tonk Twist.mp3",".mp3","5104242","2026-08-25T11:41:57.981Z"
"C:\","2026-10-08T20:48:23.337Z","VSC_MP3\(TUSH PUSH) Travis Tritt - T-R-O-U-B-L-E - 03 - T-R-O-U-B-L-E.mp3","(TUSH PUSH) Travis Tritt - T-R-O-U-B-L-E - 03 - T-R-O-U-B-L-E.mp3","(TUSH PUSH) Travis Tritt - T-R-O-U-B-L-E - 03 - T-R-O-U-B-L-E","C:\VSC_MP3\(TUSH PUSH) Travis Tritt - T-R-O-U-B-L-E - 03 - T-R-O-U-B-L-E.mp3",".mp3","7367780","2026-08-25T11:41:58.089Z"
"C:\","2026-10-08T20:48:23.337Z","VSC_MP3\(TUSH PUSH)- Santa Looked Alot Like Daddy.mp3","(TUSH PUSH)- Santa Looked Alot Like Daddy.mp3","(TUSH PUSH)- Santa Looked Alot Like Daddy","C:\VSC_MP3\(TUSH PUSH)- Santa Looked Alot Like Daddy.mp3",".mp3","6149806","2026-08-25T11:41:58.026Z"
"C:\","2026-10-08T20:48:23.337Z","VSC_MP3\(URBAN LIFE) Gotta Be Somebody.mp3","(URBAN LIFE) Gotta Be Somebody.mp3","(URBAN LIFE) Gotta Be Somebody","C:\VSC_MP3\(URBAN LIFE) Gotta Be Somebody.mp3",".mp3","5907538","2026-08-25T11:41:58.136Z"
"C:\","2026-10-08T20:48:23.337Z","VSC_MP3\(URBAN LIFE) Keith Urban- Better Life.mp3","(URBAN LIFE) Keith Urban- Better Life.mp3","(URBAN LIFE) Keith Urban- Better Life","C:\VSC_MP3\(URBAN LIFE) Keith Urban- Better Life.mp3",".mp3","7004932","2026-08-25T11:41:58.188Z"
"C:\","2026-10-08T20:48:23.337Z","VSC_MP3\(WALKING THE LINE)  Breathless.mp3","(WALKING THE LINE)  Breathless.mp3","(WALKING THE LINE)  Breathless","C:\VSC_MP3\(WALKING THE LINE)  Breathless.mp3",".mp3","5951245","2026-08-25T11:41:58.235Z"
"C:\","2026-10-08T20:48:23.337Z","VSC_MP3\(WALKING THE LINE) 4th of July.mp3","(WALKING THE LINE) 4th of July.mp3","(WALKING THE LINE) 4th of July","C:\VSC_MP3\(WALKING THE LINE) 4th of July.mp3",".mp3","6395108","2026-08-25T11:41:58.287Z"
"C:\","2026-10-08T20:48:23.337Z","VSC_MP3\(WALKING THE LINE) Crazy-ALEE.mp3","(WALKING THE LINE) Crazy-ALEE.mp3","(WALKING THE LINE) Crazy-ALEE","C:\VSC_MP3\(WALKING THE LINE) Crazy-ALEE.mp3",".mp3","6136914","2026-08-25T11:41:58.335Z"
"C:\","2026-10-08T20:48:23.337Z","VSC_MP3\(WALKING THE LINE) Walking the Line-Dave Sheriff.mp3","(WALKING THE LINE) Walking the Line-Dave Sheriff.mp3","(WALKING THE LINE) Walking the Line-Dave Sheriff","C:\VSC_MP3\(WALKING THE LINE) Walking the Line-Dave Sheriff.mp3",".mp3","3278551","2026-08-25T11:41:58.372Z"
"C:\","2026-10-08T20:48:23.337Z","VSC_MP3\(WALKING THE LINE) Wild Angels.mp3","(WALKING THE LINE) Wild Angels.mp3","(WALKING THE LINE) Wild Angels","C:\VSC_MP3\(WALKING THE LINE) Wild Angels.mp3",".mp3","5412068","2026-08-25T11:41:58.412Z"
"C:\","2026-10-08T20:48:23.337Z","VSC_MP3\(WESTERN STYLE) - Can_t Get Myself Over.mp3","(WESTERN STYLE) - Can_t Get Myself Over.mp3","(WESTERN STYLE) - Can_t Get Myself Over","C:\VSC_MP3\(WESTERN STYLE) - Can_t Get Myself Over.mp3",".mp3","6441400","2026-08-25T11:41:58.460Z"
"C:\","2026-10-08T20:48:23.337Z","VSC_MP3\(WESTERN STYLE) No one needs to Know -Shania Twain.mp3","(WESTERN STYLE) No one needs to Know -Shania Twain.mp3","(WESTERN STYLE) No one needs to Know -Shania Twain","C:\VSC_MP3\(WESTERN STYLE) No one needs to Know -Shania Twain.mp3",".mp3","2889378","2026-08-25T11:41:58.486Z"
"C:\","2026-10-08T20:48:23.337Z","VSC_MP3\(WESTERN STYLE) Tell Me Why.mp3","(WESTERN STYLE) Tell Me Why.mp3","(WESTERN STYLE) Tell Me Why","C:\VSC_MP3\(WESTERN STYLE) Tell Me Why.mp3",".mp3","5483540","2026-08-25T11:41:58.526Z"
"C:\","2026-10-08T20:48:23.337Z","VSC_MP3\(YES!) Yes!.mp3","(YES!) Yes!.mp3","(YES!) Yes!","C:\VSC_MP3\(YES!) Yes!.mp3",".mp3","4837166","2026-08-25T11:41:58.566Z"
"C:\","2026-10-08T20:48:23.337Z","VSC_MP3\01 001 (101) Lost In the Shuffle.mp3","01 001 (101) Lost In the Shuffle.mp3","01 001 (101) Lost In the Shuffle","C:\VSC_MP3\01 001 (101) Lost In the Shuffle.mp3",".mp3","5197655","2026-08-25T11:41:58.609Z"
"C:\","2026-10-08T20:48:23.337Z","VSC_MP3\01 044 (BILL_S BASIC) Winter Wonderland.mp3","01 044 (BILL_S BASIC) Winter Wonderland.mp3","01 044 (BILL_S BASIC) Winter Wonderland","C:\VSC_MP3\01 044 (BILL_S BASIC) Winter Wonderland.mp3",".mp3","5074148","2026-08-25T11:41:58.649Z"
"C:\","2026-10-08T20:48:23.337Z","VSC_MP3\01 229 (IRISH STEW) Cowboy_s Sweetheart.mp3","01 229 (IRISH STEW) Cowboy_s Sweetheart.mp3","01 229 (IRISH STEW) Cowboy_s Sweetheart","C:\VSC_MP3\01 229 (IRISH STEW) Cowboy_s Sweetheart.mp3",".mp3","3716826","2026-08-25T11:41:58.682Z"
"C:\","2026-10-08T20:48:23.337Z","VSC_MP3\01 536 (ELECTRIC SLIDE) No Rompas Mi Corazón.mp3","01 536 (ELECTRIC SLIDE) No Rompas Mi Corazón.mp3","01 536 (ELECTRIC SLIDE) No Rompas Mi Corazón","C:\VSC_MP3\01 536 (ELECTRIC SLIDE) No Rompas Mi Corazón.mp3",".mp3","5308624","2026-08-25T11:41:58.724Z"
"C:\","2026-10-08T20:48:23.337Z","VSC_MP3\02 018 (AA) AA.mp3","02 018 (AA) AA.mp3","02 018 (AA) AA","C:\VSC_MP3\02 018 (AA) AA.mp3",".mp3","4555043","2026-08-25T11:41:58.763Z"
"C:\","2026-10-08T20:48:23.337Z","VSC_MP3\02 051 (BLACK COFFEE) The Salt in My Tears.mp3","02 051 (BLACK COFFEE) The Salt in My Tears.mp3","02 051 (BLACK COFFEE) The Salt in My Tears","C:\VSC_MP3\02 051 (BLACK COFFEE) The Salt in My Tears.mp3",".mp3","5514260","2026-08-25T11:41:58.806Z"
"C:\","2026-10-08T20:48:23.337Z","VSC_MP3\02 063 (BUDDY) One step forward.mp3","02 063 (BUDDY) One step forward.mp3","02 063 (BUDDY) One step forward","C:\VSC_MP3\02 063 (BUDDY) One step forward.mp3",".mp3","5855107","2026-08-25T11:41:58.858Z"
"C:\","2026-10-08T20:48:23.337Z","VSC_MP3\02 095 (CHEYENNE) White Christmas.mp3","02 095 (CHEYENNE) White Christmas.mp3","02 095 (CHEYENNE) White Christmas","C:\VSC_MP3\02 095 (CHEYENNE) White Christmas.mp3",".mp3","4255993","2026-08-25T11:41:58.892Z"
"C:\","2026-10-08T20:48:23.337Z","VSC_MP3\02 448 (WE WENT) We Went.mp3","02 448 (WE WENT) We Went.mp3","02 448 (WE WENT) We Went","C:\VSC_MP3\02 448 (WE WENT) We Went.mp3",".mp3","4328091","2026-08-25T11:41:58.925Z"
"C:\","2026-10-08T20:48:23.337Z","VSC_MP3\04 025 (AMERICAN KIDS) American Kids.mp3","04 025 (AMERICAN KIDS) American Kids.mp3","04 025 (AMERICAN KIDS) American Kids","C:\VSC_MP3\04 025 (AMERICAN KIDS) American Kids.mp3",".mp3","4397682","2026-08-25T11:41:58.995Z"
"C:\","2026-10-08T20:48:23.337Z","VSC_MP3\04 041 (BILL_S BASIC) I Don_t Need the Booze (to Get a Buzz On).mp3","04 041 (BILL_S BASIC) I Don_t Need the Booze (to Get a Buzz On).mp3","04 041 (BILL_S BASIC) I Don_t Need the Booze (to Get a Buzz On)","C:\VSC_MP3\04 041 (BILL_S BASIC) I Don_t Need the Booze (to Get a Buzz On).mp3",".mp3","4697985","2026-08-25T11:41:59.031Z"
"C:\","2026-10-08T20:48:23.337Z","VSC_MP3\052 (BLACK COFFEE) Undone.mp3","052 (BLACK COFFEE) Undone.mp3","052 (BLACK COFFEE) Undone","C:\VSC_MP3\052 (BLACK COFFEE) Undone.mp3",".mp3","4894217","2026-08-25T11:41:59.402Z"
"C:\","2026-10-08T20:48:23.337Z","VSC_MP3\06 (COWBOY BIG UP) Cowboy Up.mp3","06 (COWBOY BIG UP) Cowboy Up.mp3","06 (COWBOY BIG UP) Cowboy Up","C:\VSC_MP3\06 (COWBOY BIG UP) Cowboy Up.mp3",".mp3","5076029","2026-08-25T11:41:59.069Z"
"C:\","2026-10-08T20:48:23.337Z","VSC_MP3\06 167 (FIRST STOMP) Old Pop in an Oak.mp3","06 167 (FIRST STOMP) Old Pop in an Oak.mp3","06 167 (FIRST STOMP) Old Pop in an Oak","C:\VSC_MP3\06 167 (FIRST STOMP) Old Pop in an Oak.mp3",".mp3","5116153","2026-08-25T11:41:59.113Z"
"C:\","2026-10-08T20:48:23.337Z","VSC_MP3\07 050 (BLACK COFFEE) Some Town Somewhere.mp3","07 050 (BLACK COFFEE) Some Town Somewhere.mp3","07 050 (BLACK COFFEE) Some Town Somewhere","C:\VSC_MP3\07 050 (BLACK COFFEE) Some Town Somewhere.mp3",".mp3","4121828","2026-08-25T11:41:59.144Z"
"C:\","2026-10-08T20:48:23.337Z","VSC_MP3\08 078 (CHANGING DANCE - BARN DANCE) Dance the Night Away.mp3","08 078 (CHANGING DANCE - BARN DANCE) Dance the Night Away.mp3","08 078 (CHANGING DANCE - BARN DANCE) Dance the Night Away","C:\VSC_MP3\08 078 (CHANGING DANCE - BARN DANCE) Dance the Night Away.mp3",".mp3","6304202","2026-08-25T11:41:59.194Z"
"C:\","2026-10-08T20:48:23.337Z","VSC_MP3\08 429 (TUSH PUSH) Splish Splash.mp3","08 429 (TUSH PUSH) Splish Splash.mp3","08 429 (TUSH PUSH) Splish Splash","C:\VSC_MP3\08 429 (TUSH PUSH) Splish Splash.mp3",".mp3","4434044","2026-08-25T11:41:59.231Z"
"C:\","2026-10-08T20:48:23.337Z","VSC_MP3\09 093 (CHEYENNE) The Big One.mp3","09 093 (CHEYENNE) The Big One.mp3","09 093 (CHEYENNE) The Big One","C:\VSC_MP3\09 093 (CHEYENNE) The Big One.mp3",".mp3","3072333","2026-08-25T11:41:59.258Z"
"C:\","2026-10-08T20:48:23.337Z","VSC_MP3\12 154 (ELECTRIC SLIDE) Achy Breaky Heart.mp3","12 154 (ELECTRIC SLIDE) Achy Breaky Heart.mp3","12 154 (ELECTRIC SLIDE) Achy Breaky Heart","C:\VSC_MP3\12 154 (ELECTRIC SLIDE) Achy Breaky Heart.mp3",".mp3","4924937","2026-08-25T11:41:59.299Z"
"C:\","2026-10-08T20:48:23.337Z","VSC_MP3\15 231 (IRISH STEW) The Merry Christmas Polka.mp3","15 231 (IRISH STEW) The Merry Christmas Polka.mp3","15 231 (IRISH STEW) The Merry Christmas Polka","C:\VSC_MP3\15 231 (IRISH STEW) The Merry Christmas Polka.mp3",".mp3","3367621","2026-08-25T11:41:59.328Z"
"C:\","2026-10-08T20:48:23.337Z","VSC_MP3\16 503 (HOUSE OF MAMBOO) The House of Bamboo.mp3","16 503 (HOUSE OF MAMBOO) The House of Bamboo.mp3","16 503 (HOUSE OF MAMBOO) The House of Bamboo","C:\VSC_MP3\16 503 (HOUSE OF MAMBOO) The House of Bamboo.mp3",".mp3","3064810","2026-08-25T11:41:59.355Z"
"C:\","2026-10-08T20:48:23.337Z","VSC_MP3\2-06 037 (BEER FOR MY HORSES) Beer for My Horses (feat. Willie Nelson).mp3","2-06 037 (BEER FOR MY HORSES) Beer for My Horses (feat. Willie Nelson).mp3","2-06 037 (BEER FOR MY HORSES) Beer for My Horses (feat. Willie Nelson)","C:\VSC_MP3\2-06 037 (BEER FOR MY HORSES) Beer for My Horses (feat. Willie Nelson).mp3",".mp3","5078537","2026-08-25T11:41:58.962Z"
"C:\","2026-10-08T20:48:23.337Z","VSC_MP3\212 (HEEL AND TOE POLKA) Barn Dance Music.mp3","212 (HEEL AND TOE POLKA) Barn Dance Music.mp3","212 (HEEL AND TOE POLKA) Barn Dance Music","C:\VSC_MP3\212 (HEEL AND TOE POLKA) Barn Dance Music.mp3",".mp3","5292393","2026-08-25T11:41:59.442Z"
"C:\","2026-10-08T20:48:23.337Z","VSC_MP3\532 (ELETTRIC SLIDE) Clay Walker - Rumor Has It.mp3","532 (ELETTRIC SLIDE) Clay Walker - Rumor Has It.mp3","532 (ELETTRIC SLIDE) Clay Walker - Rumor Has It","C:\VSC_MP3\532 (ELETTRIC SLIDE) Clay Walker - Rumor Has It.mp3",".mp3","5323532","2026-08-25T11:41:59.483Z"
"C:\","2026-10-08T20:48:23.337Z","VSC_MP3\549 (CHEYENNE) Drunken Sailor Malinda feat. Bobby Waters.mp3","549 (CHEYENNE) Drunken Sailor Malinda feat. Bobby Waters.mp3","549 (CHEYENNE) Drunken Sailor Malinda feat. Bobby Waters","C:\VSC_MP3\549 (CHEYENNE) Drunken Sailor Malinda feat. Bobby Waters.mp3",".mp3","3902400","2026-08-25T11:41:59.514Z"
"C:\","2026-10-08T20:48:23.337Z","VSC_MP3\566 (COUNTRY AS CAN BE) Hooked on Country Music.mp3","566 (COUNTRY AS CAN BE) Hooked on Country Music.mp3","566 (COUNTRY AS CAN BE) Hooked on Country Music","C:\VSC_MP3\566 (COUNTRY AS CAN BE) Hooked on Country Music.mp3",".mp3","5382602","2026-08-25T11:41:59.556Z"
"C:\","2026-10-08T20:48:23.337Z","VSC_MP3\CADILLAC TEARS - Kevin Denney.mp3","CADILLAC TEARS - Kevin Denney.mp3","CADILLAC TEARS - Kevin Denney","C:\VSC_MP3\CADILLAC TEARS - Kevin Denney.mp3",".mp3","2962334","2026-08-25T11:41:59.585Z"
"C:\","2026-10-08T20:48:23.337Z","VSC_MP3\CHANGING DANCE - ALLYOU EVER DO IS BRING ME DOWN - The Mavericks.mp3","CHANGING DANCE - ALLYOU EVER DO IS BRING ME DOWN - The Mavericks.mp3","CHANGING DANCE - ALLYOU EVER DO IS BRING ME DOWN - The Mavericks","C:\VSC_MP3\CHANGING DANCE - ALLYOU EVER DO IS BRING ME DOWN - The Mavericks.mp3",".mp3","4548595","2026-08-25T11:41:59.618Z"
"C:\","2026-10-08T20:48:23.337Z","VSC_MP3\CHEYENNE - UP - Shania Twain.mp3","CHEYENNE - UP - Shania Twain.mp3","CHEYENNE - UP - Shania Twain","C:\VSC_MP3\CHEYENNE - UP - Shania Twain.mp3",".mp3","2814858","2026-08-25T11:41:59.647Z"
"C:\","2026-10-08T20:48:23.337Z","VSC_MP3\Feliz Navidad- Jose Feliciano lyrics [HQ].mp3","Feliz Navidad- Jose Feliciano lyrics [HQ].mp3","Feliz Navidad- Jose Feliciano lyrics [HQ]","C:\VSC_MP3\Feliz Navidad- Jose Feliciano lyrics [HQ].mp3",".mp3","4576321","2026-08-25T11:41:59.685Z"
"C:\","2026-10-08T20:48:23.337Z","VSC_MP3\LORD HAVE MERCY ON A COUNTRY BOY - Josh Turner.mp3","LORD HAVE MERCY ON A COUNTRY BOY - Josh Turner.mp3","LORD HAVE MERCY ON A COUNTRY BOY - Josh Turner","C:\VSC_MP3\LORD HAVE MERCY ON A COUNTRY BOY - Josh Turner.mp3",".mp3","3780234","2026-08-25T11:41:59.719Z"
"C:\","2026-10-08T20:48:23.337Z","VSC_MP3\Original GhostBusters Theme Song.mp3","Original GhostBusters Theme Song.mp3","Original GhostBusters Theme Song","C:\VSC_MP3\Original GhostBusters Theme Song.mp3",".mp3","9781443","2026-08-25T11:41:59.793Z"
"C:\","2026-10-08T20:48:23.337Z","VSC_MP3\SOMEBODY TAKE ME HOME - Kenny Chesney.mp3","SOMEBODY TAKE ME HOME - Kenny Chesney.mp3","SOMEBODY TAKE ME HOME - Kenny Chesney","C:\VSC_MP3\SOMEBODY TAKE ME HOME - Kenny Chesney.mp3",".mp3","4237510","2026-08-25T11:41:59.829Z"
"C:\","2026-10-08T20:48:23.337Z","VSC_MP3\TARANTELLA - Gabry Ponte, KEL.mp3","TARANTELLA - Gabry Ponte, KEL.mp3","TARANTELLA - Gabry Ponte, KEL","C:\VSC_MP3\TARANTELLA - Gabry Ponte, KEL.mp3",".mp3","2356144","2024-06-19T12:23:52.000Z"
"C:\","2026-10-08T20:48:23.337Z","VSC_MP3\TSUNAMI - DVBBS & Borgeous (Original Mix).mp3","TSUNAMI - DVBBS & Borgeous (Original Mix).mp3","TSUNAMI - DVBBS & Borgeous (Original Mix)","C:\VSC_MP3\TSUNAMI - DVBBS & Borgeous (Original Mix).mp3",".mp3","3818737","2024-06-19T12:25:16.000Z"
"C:\","2026-10-08T20:48:23.337Z","VSC_MP3\TUTTA L'ITALIA - Gabry Ponte.m4a","TUTTA L'ITALIA - Gabry Ponte.m4a","TUTTA L'ITALIA - Gabry Ponte","C:\VSC_MP3\TUTTA L'ITALIA - Gabry Ponte.m4a",".m4a","6539458","2025-06-26T12:21:56.000Z"
"C:\","2026-10-08T20:48:23.337Z","VSC_MP3\WALKING THE LINE - BLOWN AWAY - Carrie Underwood.mp3","WALKING THE LINE - BLOWN AWAY - Carrie Underwood.mp3","WALKING THE LINE - BLOWN AWAY - Carrie Underwood","C:\VSC_MP3\WALKING THE LINE - BLOWN AWAY - Carrie Underwood.mp3",".mp3","5825744","2026-08-25T11:41:59.873Z"
"C:\","2026-10-08T20:48:23.337Z","VSC_VIDEOCLIP\005 16 TONS.mp4","005 16 TONS.mp4","005 16 TONS","C:\VSC_VIDEOCLIP\005 16 TONS.mp4",".mp4","44656605","2026-07-26T15:35:56.654Z"
"C:\","2026-10-08T20:48:23.337Z","VSC_VIDEOCLIP\008 3 FLICKS.mp4","008 3 FLICKS.mp4","008 3 FLICKS","C:\VSC_VIDEOCLIP\008 3 FLICKS.mp4",".mp4","17334026","2025-12-26T11:16:02.105Z"
"C:\","2026-10-08T20:48:23.337Z","VSC_VIDEOCLIP\011 3 TEQUILA FLOOR.mp4","011 3 TEQUILA FLOOR.mp4","011 3 TEQUILA FLOOR","C:\VSC_VIDEOCLIP\011 3 TEQUILA FLOOR.mp4",".mp4","158260819","2025-12-26T10:50:39.992Z"
"C:\","2026-10-08T20:48:23.337Z","VSC_VIDEOCLIP\015 A BAR SONG.mp4","015 A BAR SONG.mp4","015 A BAR SONG","C:\VSC_VIDEOCLIP\015 A BAR SONG.mp4",".mp4","42552291","2025-12-26T10:50:40.261Z"
"C:\","2026-10-08T20:48:23.337Z","VSC_VIDEOCLIP\016 A DIFFERENT SUMMER.mp4","016 A DIFFERENT SUMMER.mp4","016 A DIFFERENT SUMMER","C:\VSC_VIDEOCLIP\016 A DIFFERENT SUMMER.mp4",".mp4","54507973","2026-03-29T14:56:09.893Z"
"C:\","2026-10-08T20:48:23.337Z","VSC_VIDEOCLIP\022 ALL SHOOK UP.mp4","022 ALL SHOOK UP.mp4","022 ALL SHOOK UP","C:\VSC_VIDEOCLIP\022 ALL SHOOK UP.mp4",".mp4","41244012","2026-03-29T14:56:10.139Z"
"C:\","2026-10-08T20:48:23.337Z","VSC_VIDEOCLIP\023 ALL TO MYSELF.mp4","023 ALL TO MYSELF.mp4","023 ALL TO MYSELF","C:\VSC_VIDEOCLIP\023 ALL TO MYSELF.mp4",".mp4","7303454","2025-12-26T10:50:27.449Z"
"C:\","2026-10-08T20:48:23.337Z","VSC_VIDEOCLIP\025 AMERICAN KIDS.mp4","025 AMERICAN KIDS.mp4","025 AMERICAN KIDS","C:\VSC_VIDEOCLIP\025 AMERICAN KIDS.mp4",".mp4","130292337","2025-12-26T10:51:42.099Z"
"C:\","2026-10-08T20:48:23.337Z","VSC_VIDEOCLIP\026 ANGEL & CORONA.mp4","026 ANGEL & CORONA.mp4","026 ANGEL & CORONA","C:\VSC_VIDEOCLIP\026 ANGEL & CORONA.mp4",".mp4","49840404","2026-03-15T18:33:43.820Z"
"C:\","2026-10-08T20:48:23.337Z","VSC_VIDEOCLIP\027 ANTHEM.mp4","027 ANTHEM.mp4","027 ANTHEM","C:\VSC_VIDEOCLIP\027 ANTHEM.mp4",".mp4","132338242","2026-01-11T13:10:12.709Z"
"C:\","2026-10-08T20:48:23.337Z","VSC_VIDEOCLIP\031 AUSTIN.mp4","031 AUSTIN.mp4","031 AUSTIN","C:\VSC_VIDEOCLIP\031 AUSTIN.mp4",".mp4","79875579","2025-12-26T10:51:42.590Z"
"C:\","2026-10-08T20:48:23.337Z","VSC_VIDEOCLIP\033 AW NAW.mp4","033 AW NAW.mp4","033 AW NAW","C:\VSC_VIDEOCLIP\033 AW NAW.mp4",".mp4","35140087","2025-12-26T10:50:28.656Z"
"C:\","2026-10-08T20:48:23.337Z","VSC_VIDEOCLIP\034 BACK DOWN.mp4","034 BACK DOWN.mp4","034 BACK DOWN","C:\VSC_VIDEOCLIP\034 BACK DOWN.mp4",".mp4","11804061","2025-12-26T10:50:27.703Z"
"C:\","2026-10-08T20:48:23.337Z","VSC_VIDEOCLIP\037 BEER FOR MY HORSES.mp4","037 BEER FOR MY HORSES.mp4","037 BEER FOR MY HORSES","C:\VSC_VIDEOCLIP\037 BEER FOR MY HORSES.mp4",".mp4","102610144","2025-12-26T10:50:35.407Z"
"C:\","2026-10-08T20:48:23.337Z","VSC_VIDEOCLIP\039 BEST ADVENTURE.mp4","039 BEST ADVENTURE.mp4","039 BEST ADVENTURE","C:\VSC_VIDEOCLIP\039 BEST ADVENTURE.mp4",".mp4","261085800","2025-12-27T18:53:09.876Z"
"C:\","2026-10-08T20:48:23.337Z","VSC_VIDEOCLIP\046 BLACK COFFEE.mp4","046 BLACK COFFEE.mp4","046 BLACK COFFEE","C:\VSC_VIDEOCLIP\046 BLACK COFFEE.mp4",".mp4","297436717","2025-12-27T18:53:08.168Z"
"C:\","2026-10-08T20:48:23.337Z","VSC_VIDEOCLIP\047 BLACK COFFEE.mp4","047 BLACK COFFEE.mp4","047 BLACK COFFEE","C:\VSC_VIDEOCLIP\047 BLACK COFFEE.mp4",".mp4","5965337","2025-12-26T10:50:27.864Z"
"C:\","2026-10-08T20:48:23.337Z","VSC_VIDEOCLIP\049 BLACK COFFEE.mp4","049 BLACK COFFEE.mp4","049 BLACK COFFEE","C:\VSC_VIDEOCLIP\049 BLACK COFFEE.mp4",".mp4","170187755","2026-03-15T13:12:48.673Z"
"C:\","2026-10-08T20:48:23.337Z","VSC_VIDEOCLIP\056 BOOZE CRUISE.mp4","056 BOOZE CRUISE.mp4","056 BOOZE CRUISE","C:\VSC_VIDEOCLIP\056 BOOZE CRUISE.mp4",".mp4","77616459","2026-01-25T18:58:22.101Z"
"C:\","2026-10-08T20:48:23.337Z","VSC_VIDEOCLIP\060 BRING DOWN THE HOUSE.mp4","060 BRING DOWN THE HOUSE.mp4","060 BRING DOWN THE HOUSE","C:\VSC_VIDEOCLIP\060 BRING DOWN THE HOUSE.mp4",".mp4","62487552","2025-12-20T15:35:47.977Z"
"C:\","2026-10-08T20:48:23.337Z","VSC_VIDEOCLIP\063 BUDDY.mp4","063 BUDDY.mp4","063 BUDDY","C:\VSC_VIDEOCLIP\063 BUDDY.mp4",".mp4","122554574","2026-01-11T13:10:16.497Z"
"C:\","2026-10-08T20:48:23.337Z","VSC_VIDEOCLIP\066 BURNING LOVE.mp4","066 BURNING LOVE.mp4","066 BURNING LOVE","C:\VSC_VIDEOCLIP\066 BURNING LOVE.mp4",".mp4","35224513","2026-03-15T13:12:47.589Z"
"C:\","2026-10-08T20:48:23.337Z","VSC_VIDEOCLIP\068 BUSH PARTY.mp4","068 BUSH PARTY.mp4","068 BUSH PARTY","C:\VSC_VIDEOCLIP\068 BUSH PARTY.mp4",".mp4","61869627","2025-12-26T10:50:39.053Z"
"C:\","2026-10-08T20:48:23.337Z","VSC_VIDEOCLIP\073 CANDY KISSES.mp4","073 CANDY KISSES.mp4","073 CANDY KISSES","C:\VSC_VIDEOCLIP\073 CANDY KISSES.mp4",".mp4","82913131","2026-03-15T12:52:42.161Z"
"C:\","2026-10-08T20:48:23.337Z","VSC_VIDEOCLIP\074 CANDY KISSES.mp4","074 CANDY KISSES.mp4","074 CANDY KISSES","C:\VSC_VIDEOCLIP\074 CANDY KISSES.mp4",".mp4","257077212","2025-12-26T10:51:44.133Z"
"C:\","2026-10-08T20:48:23.337Z","VSC_VIDEOCLIP\076 CENTURION.mp4","076 CENTURION.mp4","076 CENTURION","C:\VSC_VIDEOCLIP\076 CENTURION.mp4",".mp4","15133647","2025-12-26T10:50:29.572Z"
"C:\","2026-10-08T20:48:23.337Z","VSC_VIDEOCLIP\079 CHANGING DANCE BARN DANCE.mp4","079 CHANGING DANCE BARN DANCE.mp4","079 CHANGING DANCE BARN DANCE","C:\VSC_VIDEOCLIP\079 CHANGING DANCE BARN DANCE.mp4",".mp4","80061117","2026-01-25T18:58:21.463Z"
"C:\","2026-10-08T20:48:23.337Z","VSC_VIDEOCLIP\081 CHASING DOWN A GOOD TIME.mp4","081 CHASING DOWN A GOOD TIME.mp4","081 CHASING DOWN A GOOD TIME","C:\VSC_VIDEOCLIP\081 CHASING DOWN A GOOD TIME.mp4",".mp4","96413144","2025-12-26T10:50:37.880Z"
"C:\","2026-10-08T20:48:23.337Z","VSC_VIDEOCLIP\085 CHEEK TO CHEEK.mp4","085 CHEEK TO CHEEK.mp4","085 CHEEK TO CHEEK","C:\VSC_VIDEOCLIP\085 CHEEK TO CHEEK.mp4",".mp4","20834321","2025-12-26T10:50:28.410Z"
"C:\","2026-10-08T20:48:23.337Z","VSC_VIDEOCLIP\086 CHEERLEADER.mp4","086 CHEERLEADER.mp4","086 CHEERLEADER","C:\VSC_VIDEOCLIP\086 CHEERLEADER.mp4",".mp4","150169015","2025-12-26T10:51:41.317Z"
"C:\","2026-10-08T20:48:23.337Z","VSC_VIDEOCLIP\089 CHEYENNE.mp4","089 CHEYENNE.mp4","089 CHEYENNE","C:\VSC_VIDEOCLIP\089 CHEYENNE.mp4",".mp4","188421391","2025-12-27T18:53:02.545Z"
"C:\","2026-10-08T20:48:23.337Z","VSC_VIDEOCLIP\090 CHEYENNE.mp4","090 CHEYENNE.mp4","090 CHEYENNE","C:\VSC_VIDEOCLIP\090 CHEYENNE.mp4",".mp4","190562188","2026-01-11T13:10:10.267Z"
"C:\","2026-10-08T20:48:23.337Z","VSC_VIDEOCLIP\094 CHEYENNE.mp4","094 CHEYENNE.mp4","094 CHEYENNE","C:\VSC_VIDEOCLIP\094 CHEYENNE.mp4",".mp4","61574605","2026-03-15T12:52:40.275Z"
"C:\","2026-10-08T20:48:23.337Z","VSC_VIDEOCLIP\099 CHILL FACTOR.mp4","099 CHILL FACTOR.mp4","099 CHILL FACTOR","C:\VSC_VIDEOCLIP\099 CHILL FACTOR.mp4",".mp4","25716789","2025-12-26T10:50:37.308Z"
"C:\","2026-10-08T20:48:23.337Z","VSC_VIDEOCLIP\101 CHILL FACTOR.mp4","101 CHILL FACTOR.mp4","101 CHILL FACTOR","C:\VSC_VIDEOCLIP\101 CHILL FACTOR.mp4",".mp4","113736723","2025-12-28T18:42:48.084Z"
"C:\","2026-10-08T20:48:23.337Z","VSC_VIDEOCLIP\102 CHOO CHOO TRAIN.mp4","102 CHOO CHOO TRAIN.mp4","102 CHOO CHOO TRAIN","C:\VSC_VIDEOCLIP\102 CHOO CHOO TRAIN.mp4",".mp4","104110507","2025-12-27T18:52:57.481Z"
"C:\","2026-10-08T20:48:23.337Z","VSC_VIDEOCLIP\103 CHOP.mp4","103 CHOP.mp4","103 CHOP","C:\VSC_VIDEOCLIP\103 CHOP.mp4",".mp4","108567355","2026-01-25T18:58:22.980Z"
"C:\","2026-10-08T20:48:23.337Z","VSC_VIDEOCLIP\107 CLICKETY CLACK.mp4","107 CLICKETY CLACK.mp4","107 CLICKETY CLACK","C:\VSC_VIDEOCLIP\107 CLICKETY CLACK.mp4",".mp4","57404505","2025-12-26T10:50:32.577Z"
"C:\","2026-10-08T20:48:23.337Z","VSC_VIDEOCLIP\112 COPPERHEAD ROAD.mp4","112 COPPERHEAD ROAD.mp4","112 COPPERHEAD ROAD","C:\VSC_VIDEOCLIP\112 COPPERHEAD ROAD.mp4",".mp4","68512012","2025-12-26T10:50:33.446Z"
"C:\","2026-10-08T20:48:23.337Z","VSC_VIDEOCLIP\113 COTTON EYED JOE.mp4","113 COTTON EYED JOE.mp4","113 COTTON EYED JOE","C:\VSC_VIDEOCLIP\113 COTTON EYED JOE.mp4",".mp4","86356805","2025-12-26T10:50:31.012Z"
"C:\","2026-10-08T20:48:23.337Z","VSC_VIDEOCLIP\118 COUNTRY ROADS.mp4","118 COUNTRY ROADS.mp4","118 COUNTRY ROADS","C:\VSC_VIDEOCLIP\118 COUNTRY ROADS.mp4",".mp4","126881019","2026-03-22T19:06:57.419Z"
"C:\","2026-10-08T20:48:23.337Z","VSC_VIDEOCLIP\119 COWBOY BIG UP.mp4","119 COWBOY BIG UP.mp4","119 COWBOY BIG UP","C:\VSC_VIDEOCLIP\119 COWBOY BIG UP.mp4",".mp4","76896560","2025-12-27T18:52:58.639Z"
"C:\","2026-10-08T20:48:23.337Z","VSC_VIDEOCLIP\121 CASANOVA COWBOY.mp4","121 CASANOVA COWBOY.mp4","121 CASANOVA COWBOY","C:\VSC_VIDEOCLIP\121 CASANOVA COWBOY.mp4",".mp4","19386348","2025-12-26T10:50:32.184Z"
"C:\","2026-10-08T20:48:23.337Z","VSC_VIDEOCLIP\122 CASANOVA COWBOY.mp4","122 CASANOVA COWBOY.mp4","122 CASANOVA COWBOY","C:\VSC_VIDEOCLIP\122 CASANOVA COWBOY.mp4",".mp4","62821917","2026-01-25T18:58:20.821Z"
"C:\","2026-10-08T20:48:23.337Z","VSC_VIDEOCLIP\126 CRUSH AND BURN.mp4","126 CRUSH AND BURN.mp4","126 CRUSH AND BURN","C:\VSC_VIDEOCLIP\126 CRUSH AND BURN.mp4",".mp4","119689174","2026-01-04T18:38:53.963Z"
"C:\","2026-10-08T20:48:23.337Z","VSC_VIDEOCLIP\127 CRAZY SONG.mp4","127 CRAZY SONG.mp4","127 CRAZY SONG","C:\VSC_VIDEOCLIP\127 CRAZY SONG.mp4",".mp4","106168891","2025-12-28T18:42:45.959Z"
"C:\","2026-10-08T20:48:23.337Z","VSC_VIDEOCLIP\130 CUT AND STRUT.mp4","130 CUT AND STRUT.mp4","130 CUT AND STRUT","C:\VSC_VIDEOCLIP\130 CUT AND STRUT.mp4",".mp4","130094492","2026-01-25T18:58:10.972Z"
"C:\","2026-10-08T20:48:23.337Z","VSC_VIDEOCLIP\134 DANCING VIOLINS.mp4","134 DANCING VIOLINS.mp4","134 DANCING VIOLINS","C:\VSC_VIDEOCLIP\134 DANCING VIOLINS.mp4",".mp4","117927180","2025-12-26T10:42:46.986Z"
"C:\","2026-10-08T20:48:23.337Z","VSC_VIDEOCLIP\138 DEAR LIFE.mp4","138 DEAR LIFE.mp4","138 DEAR LIFE","C:\VSC_VIDEOCLIP\138 DEAR LIFE.mp4",".mp4","69780948","2025-12-26T10:42:48.507Z"
"C:\","2026-10-08T20:48:23.337Z","VSC_VIDEOCLIP\140 DIANE.mp4","140 DIANE.mp4","140 DIANE","C:\VSC_VIDEOCLIP\140 DIANE.mp4",".mp4","38873189","2026-02-01T16:16:05.901Z"
"C:\","2026-10-08T20:48:23.337Z","VSC_VIDEOCLIP\144 DOCTOR DOCTOR.mp4","144 DOCTOR DOCTOR.mp4","144 DOCTOR DOCTOR","C:\VSC_VIDEOCLIP\144 DOCTOR DOCTOR.mp4",".mp4","50058029","2025-12-26T11:56:53.767Z"
"C:\","2026-10-08T20:48:23.337Z","VSC_VIDEOCLIP\147 DOUBLE DUTCH.mp4","147 DOUBLE DUTCH.mp4","147 DOUBLE DUTCH","C:\VSC_VIDEOCLIP\147 DOUBLE DUTCH.mp4",".mp4","100027321","2026-01-11T13:10:14.065Z"
"C:\","2026-10-08T20:48:23.337Z","VSC_VIDEOCLIP\154 ELECTRIC SLIDE.mp4","154 ELECTRIC SLIDE.mp4","154 ELECTRIC SLIDE","C:\VSC_VIDEOCLIP\154 ELECTRIC SLIDE.mp4",".mp4","84922412","2026-03-15T12:52:40.803Z"
"C:\","2026-10-08T20:48:23.337Z","VSC_VIDEOCLIP\160 FAKE ID.mp4","160 FAKE ID.mp4","160 FAKE ID","C:\VSC_VIDEOCLIP\160 FAKE ID.mp4",".mp4","171520887","2025-12-26T10:42:51.298Z"
"C:\","2026-10-08T20:48:23.337Z","VSC_VIDEOCLIP\162 FIFTY TWO BEERS AGO.mp4","162 FIFTY TWO BEERS AGO.mp4","162 FIFTY TWO BEERS AGO","C:\VSC_VIDEOCLIP\162 FIFTY TWO BEERS AGO.mp4",".mp4","73276093","2026-03-29T14:56:10.601Z"
"C:\","2026-10-08T20:48:23.337Z","VSC_VIDEOCLIP\172 FLOWERS.mp4","172 FLOWERS.mp4","172 FLOWERS","C:\VSC_VIDEOCLIP\172 FLOWERS.mp4",".mp4","153186480","2025-12-28T18:42:47.186Z"
"C:\","2026-10-08T20:48:23.337Z","VSC_VIDEOCLIP\174 FOOTLOOSE.mp4","174 FOOTLOOSE.mp4","174 FOOTLOOSE","C:\VSC_VIDEOCLIP\174 FOOTLOOSE.mp4",".mp4","157154768","2025-12-26T10:42:49.948Z"
"C:\","2026-10-08T20:48:23.337Z","VSC_VIDEOCLIP\178 FORGIVE ME FRIEND.mp4","178 FORGIVE ME FRIEND.mp4","178 FORGIVE ME FRIEND","C:\VSC_VIDEOCLIP\178 FORGIVE ME FRIEND.mp4",".mp4","63932783","2026-01-11T13:10:18.314Z"
"C:\","2026-10-08T20:48:23.337Z","VSC_VIDEOCLIP\183 FUNNY JOKE.mp4","183 FUNNY JOKE.mp4","183 FUNNY JOKE","C:\VSC_VIDEOCLIP\183 FUNNY JOKE.mp4",".mp4","65702062","2026-03-15T12:37:14.855Z"
"C:\","2026-10-08T20:48:23.337Z","VSC_VIDEOCLIP\188 GHOST TOWN.mp4","188 GHOST TOWN.mp4","188 GHOST TOWN","C:\VSC_VIDEOCLIP\188 GHOST TOWN.mp4",".mp4","69050334","2026-01-04T18:38:53.176Z"
"C:\","2026-10-08T20:48:23.337Z","VSC_VIDEOCLIP\190 SHIVERS.mp4","190 SHIVERS.mp4","190 SHIVERS","C:\VSC_VIDEOCLIP\190 SHIVERS.mp4",".mp4","144361113","2026-01-04T18:38:54.870Z"
"C:\","2026-10-08T20:48:23.337Z","VSC_VIDEOCLIP\191 GLASS OF WINE.mp4","191 GLASS OF WINE.mp4","191 GLASS OF WINE","C:\VSC_VIDEOCLIP\191 GLASS OF WINE.mp4",".mp4","114834375","2026-01-11T13:10:11.087Z"
"C:\","2026-10-08T20:48:23.337Z","VSC_VIDEOCLIP\196 GOLIATH.mp4","196 GOLIATH.mp4","196 GOLIATH","C:\VSC_VIDEOCLIP\196 GOLIATH.mp4",".mp4","133115816","2026-01-11T13:10:20.151Z"
"C:\","2026-10-08T20:48:23.337Z","VSC_VIDEOCLIP\200 GRAVITY.mp4","200 GRAVITY.mp4","200 GRAVITY","C:\VSC_VIDEOCLIP\200 GRAVITY.mp4",".mp4","254122102","2026-01-11T13:10:15.690Z"
"C:\","2026-10-08T20:48:23.337Z","VSC_VIDEOCLIP\208 HEADS OR TAILS.mp4","208 HEADS OR TAILS.mp4","208 HEADS OR TAILS","C:\VSC_VIDEOCLIP\208 HEADS OR TAILS.mp4",".mp4","67281414","2026-03-15T12:37:15.436Z"
"C:\","2026-10-08T20:48:23.337Z","VSC_VIDEOCLIP\233 IT HAPPENS.mp4","233 IT HAPPENS.mp4","233 IT HAPPENS","C:\VSC_VIDEOCLIP\233 IT HAPPENS.mp4",".mp4","92102190","2026-04-06T15:47:39.034Z"
"C:\","2026-10-08T20:48:23.337Z","VSC_VIDEOCLIP\235 IT'S AMERICA.mp4","235 IT'S AMERICA.mp4","235 IT'S AMERICA","C:\VSC_VIDEOCLIP\235 IT'S AMERICA.mp4",".mp4","141832056","2025-12-27T18:53:03.554Z"
"C:\","2026-10-08T20:48:23.337Z","VSC_VIDEOCLIP\256 LEMON SQUEEZY.mp4","256 LEMON SQUEEZY.mp4","256 LEMON SQUEEZY","C:\VSC_VIDEOCLIP\256 LEMON SQUEEZY.mp4",".mp4","60187224","2025-12-26T10:50:31.455Z"
"C:\","2026-10-08T20:48:23.337Z","VSC_VIDEOCLIP\258 LIAR.mp4","258 LIAR.mp4","258 LIAR","C:\VSC_VIDEOCLIP\258 LIAR.mp4",".mp4","34368124","2026-03-15T12:37:14.434Z"
"C:\","2026-10-08T20:48:23.337Z","VSC_VIDEOCLIP\265 LITTLE WHITE CHURCH.mp4","265 LITTLE WHITE CHURCH.mp4","265 LITTLE WHITE CHURCH","C:\VSC_VIDEOCLIP\265 LITTLE WHITE CHURCH.mp4",".mp4","112579728","2026-01-25T18:58:15.024Z"
"C:\","2026-10-08T20:48:23.337Z","VSC_VIDEOCLIP\266 LONELY DRUM.mp4","266 LONELY DRUM.mp4","266 LONELY DRUM","C:\VSC_VIDEOCLIP\266 LONELY DRUM.mp4",".mp4","30638761","2025-12-26T10:50:28.259Z"
"C:\","2026-10-08T20:48:23.337Z","VSC_VIDEOCLIP\281 MISS OUR DAYS.mp4","281 MISS OUR DAYS.mp4","281 MISS OUR DAYS","C:\VSC_VIDEOCLIP\281 MISS OUR DAYS.mp4",".mp4","107962701","2026-01-11T13:10:13.434Z"
"C:\","2026-10-08T20:48:23.337Z","VSC_VIDEOCLIP\284 MR. LONELY.mp4","284 MR. LONELY.mp4","284 MR. LONELY","C:\VSC_VIDEOCLIP\284 MR. LONELY.mp4",".mp4","61910527","2026-01-25T18:58:09.128Z"
"C:\","2026-10-08T20:48:23.337Z","VSC_VIDEOCLIP\285 MR POLICEMAN.mp4","285 MR POLICEMAN.mp4","285 MR POLICEMAN","C:\VSC_VIDEOCLIP\285 MR POLICEMAN.mp4",".mp4","94056566","2026-01-11T13:10:11.782Z"
"C:\","2026-10-08T20:48:23.337Z","VSC_VIDEOCLIP\290 MY MARIA.mp4","290 MY MARIA.mp4","290 MY MARIA","C:\VSC_VIDEOCLIP\290 MY MARIA.mp4",".mp4","107698626","2026-01-11T13:10:17.926Z"
"C:\","2026-10-08T20:48:23.337Z","VSC_VIDEOCLIP\294 MY MARIA.mp4","294 MY MARIA.mp4","294 MY MARIA","C:\VSC_VIDEOCLIP\294 MY MARIA.mp4",".mp4","23707262","2025-12-26T10:50:29.461Z"
"C:\","2026-10-08T20:48:23.337Z","VSC_VIDEOCLIP\300 NIOLON.mp4","300 NIOLON.mp4","300 NIOLON","C:\VSC_VIDEOCLIP\300 NIOLON.mp4",".mp4","102209720","2025-12-27T18:52:59.380Z"
"C:\","2026-10-08T20:48:23.337Z","VSC_VIDEOCLIP\301 NO BLAME.mp4","301 NO BLAME.mp4","301 NO BLAME","C:\VSC_VIDEOCLIP\301 NO BLAME.mp4",".mp4","201351008","2025-12-27T18:53:06.256Z"
"C:\","2026-10-08T20:48:23.337Z","VSC_VIDEOCLIP\309 OREGON.mp4","309 OREGON.mp4","309 OREGON","C:\VSC_VIDEOCLIP\309 OREGON.mp4",".mp4","59640033","2026-01-25T18:58:12.854Z"
"C:\","2026-10-08T20:48:23.337Z","VSC_VIDEOCLIP\311 OVERRATED.mp4","311 OVERRATED.mp4","311 OVERRATED","C:\VSC_VIDEOCLIP\311 OVERRATED.mp4",".mp4","83689773","2026-04-06T15:47:38.042Z"
"C:\","2026-10-08T20:48:23.337Z","VSC_VIDEOCLIP\322 POTA.mp4","322 POTA.mp4","322 POTA","C:\VSC_VIDEOCLIP\322 POTA.mp4",".mp4","32267067","2026-01-04T18:38:52.762Z"
"C:\","2026-10-08T20:48:23.337Z","VSC_VIDEOCLIP\329 QUITTER.mp4","329 QUITTER.mp4","329 QUITTER","C:\VSC_VIDEOCLIP\329 QUITTER.mp4",".mp4","72118080","2026-04-06T15:47:37.121Z"
"C:\","2026-10-08T20:48:23.337Z","VSC_VIDEOCLIP\333 READY FOR IT.mp4","333 READY FOR IT.mp4","333 READY FOR IT","C:\VSC_VIDEOCLIP\333 READY FOR IT.mp4",".mp4","7590716","2025-12-26T10:50:28.733Z"
"C:\","2026-10-08T20:48:23.337Z","VSC_VIDEOCLIP\338 REDNECK ANGEL.mp4","338 REDNECK ANGEL.mp4","338 REDNECK ANGEL","C:\VSC_VIDEOCLIP\338 REDNECK ANGEL.mp4",".mp4","106513360","2025-12-26T10:42:47.923Z"
"C:\","2026-10-08T20:48:23.337Z","VSC_VIDEOCLIP\345 ROOTS.mp4","345 ROOTS.mp4","345 ROOTS","C:\VSC_VIDEOCLIP\345 ROOTS.mp4",".mp4","165380525","2025-12-27T18:53:04.801Z"
"C:\","2026-10-08T20:48:23.337Z","VSC_VIDEOCLIP\360 SHOT OF GLORY.mp4","360 SHOT OF GLORY.mp4","360 SHOT OF GLORY","C:\VSC_VIDEOCLIP\360 SHOT OF GLORY.mp4",".mp4","181604389","2026-01-11T10:54:04.580Z"
"C:\","2026-10-08T20:48:23.337Z","VSC_VIDEOCLIP\365 SKIFFLE TIME.mp4","365 SKIFFLE TIME.mp4","365 SKIFFLE TIME","C:\VSC_VIDEOCLIP\365 SKIFFLE TIME.mp4",".mp4","263430772","2025-12-26T10:42:53.197Z"
"C:\","2026-10-08T20:48:23.337Z","VSC_VIDEOCLIP\372 SOUTH OF SANTA FE.mp4","372 SOUTH OF SANTA FE.mp4","372 SOUTH OF SANTA FE","C:\VSC_VIDEOCLIP\372 SOUTH OF SANTA FE.mp4",".mp4","66939976","2026-01-25T18:58:11.606Z"
"C:\","2026-10-08T20:48:23.337Z","VSC_VIDEOCLIP\374 START THE CAR.mp4","374 START THE CAR.mp4","374 START THE CAR","C:\VSC_VIDEOCLIP\374 START THE CAR.mp4",".mp4","65434145","2026-01-25T18:58:14.240Z"
"C:\","2026-10-08T20:48:23.337Z","VSC_VIDEOCLIP\385 SUMMER FLY.mp4","385 SUMMER FLY.mp4","385 SUMMER FLY","C:\VSC_VIDEOCLIP\385 SUMMER FLY.mp4",".mp4","44926562","2025-12-26T10:50:31.787Z"
"C:\","2026-10-08T20:48:23.337Z","VSC_VIDEOCLIP\388 SUNSET.mp4","388 SUNSET.mp4","388 SUNSET","C:\VSC_VIDEOCLIP\388 SUNSET.mp4",".mp4","19756430","2025-12-26T10:50:28.859Z"
"C:\","2026-10-08T20:48:23.337Z","VSC_VIDEOCLIP\395 TAKE ME TO NEW YORK.mp4","395 TAKE ME TO NEW YORK.mp4","395 TAKE ME TO NEW YORK","C:\VSC_VIDEOCLIP\395 TAKE ME TO NEW YORK.mp4",".mp4","52331572","2025-12-26T10:50:29.952Z"
"C:\","2026-10-08T20:48:23.337Z","VSC_VIDEOCLIP\400 THE LOVERS.mp4","400 THE LOVERS.mp4","400 THE LOVERS","C:\VSC_VIDEOCLIP\400 THE LOVERS.mp4",".mp4","17013620","2025-12-26T10:50:28.036Z"
"C:\","2026-10-08T20:48:23.337Z","VSC_VIDEOCLIP\403 THE WORLD.mp4","403 THE WORLD.mp4","403 THE WORLD","C:\VSC_VIDEOCLIP\403 THE WORLD.mp4",".mp4","114686279","2026-01-25T18:58:13.730Z"
"C:\","2026-10-08T20:48:23.337Z","VSC_VIDEOCLIP\404 THELMA & LOUISE.mp4","404 THELMA & LOUISE.mp4","404 THELMA & LOUISE","C:\VSC_VIDEOCLIP\404 THELMA & LOUISE.mp4",".mp4","62166230","2025-12-26T10:50:38.248Z"
"C:\","2026-10-08T20:48:23.337Z","VSC_VIDEOCLIP\407 THIS WORLD IS OUR HOME.mp4","407 THIS WORLD IS OUR HOME.mp4","407 THIS WORLD IS OUR HOME","C:\VSC_VIDEOCLIP\407 THIS WORLD IS OUR HOME.mp4",".mp4","77116529","2025-12-26T10:50:33.968Z"
"C:\","2026-10-08T20:48:23.337Z","VSC_VIDEOCLIP\412 2 HELL AND BACK.mp4","412 2 HELL AND BACK.mp4","412 2 HELL AND BACK","C:\VSC_VIDEOCLIP\412 2 HELL AND BACK.mp4",".mp4","122411646","2026-03-15T12:37:16.293Z"
"C:\","2026-10-08T20:48:23.337Z","VSC_VIDEOCLIP\414 TOES.mp4","414 TOES.mp4","414 TOES","C:\VSC_VIDEOCLIP\414 TOES.mp4",".mp4","139462739","2026-01-25T18:58:16.205Z"
"C:\","2026-10-08T20:48:23.337Z","VSC_VIDEOCLIP\415 TOMORROW NEVER COMES.mp4","415 TOMORROW NEVER COMES.mp4","415 TOMORROW NEVER COMES","C:\VSC_VIDEOCLIP\415 TOMORROW NEVER COMES.mp4",".mp4","72280274","2025-12-27T18:52:55.926Z"
"C:\","2026-10-08T20:48:23.337Z","VSC_VIDEOCLIP\416 TOO MANY DRUNK.mp4","416 TOO MANY DRUNK.mp4","416 TOO MANY DRUNK","C:\VSC_VIDEOCLIP\416 TOO MANY DRUNK.mp4",".mp4","32863633","2025-12-26T10:50:34.189Z"
"C:\","2026-10-08T20:48:23.337Z","VSC_VIDEOCLIP\424 TRILOGY.mp4","424 TRILOGY.mp4","424 TRILOGY","C:\VSC_VIDEOCLIP\424 TRILOGY.mp4",".mp4","395609297","2025-12-27T18:48:00.572Z"
"C:\","2026-10-08T20:48:23.337Z","VSC_VIDEOCLIP\434 URBAN LIFE.mp4","434 URBAN LIFE.mp4","434 URBAN LIFE","C:\VSC_VIDEOCLIP\434 URBAN LIFE.mp4",".mp4","165775548","2026-01-11T11:19:46.680Z"
"C:\","2026-10-08T20:48:23.337Z","VSC_VIDEOCLIP\436 VODKA TIME.mp4","436 VODKA TIME.mp4","436 VODKA TIME","C:\VSC_VIDEOCLIP\436 VODKA TIME.mp4",".mp4","148487472","2026-01-11T11:27:39.830Z"
"C:\","2026-10-08T20:48:23.337Z","VSC_VIDEOCLIP\440 WALKIN' THE LINE.mp4","440 WALKIN' THE LINE.mp4","440 WALKIN' THE LINE","C:\VSC_VIDEOCLIP\440 WALKIN' THE LINE.mp4",".mp4","66180050","2025-12-26T10:50:30.427Z"
"C:\","2026-10-08T20:48:23.337Z","VSC_VIDEOCLIP\443 WALKIN' THE LINE.mp4","443 WALKIN' THE LINE.mp4","443 WALKIN' THE LINE","C:\VSC_VIDEOCLIP\443 WALKIN' THE LINE.mp4",".mp4","91402470","2026-01-11T11:35:17.110Z"
"C:\","2026-10-08T20:48:23.337Z","VSC_VIDEOCLIP\446 WE ARE TONIGHT.mp4","446 WE ARE TONIGHT.mp4","446 WE ARE TONIGHT","C:\VSC_VIDEOCLIP\446 WE ARE TONIGHT.mp4",".mp4","115087055","2026-01-11T11:46:37.510Z"
"C:\","2026-10-08T20:48:23.337Z","VSC_VIDEOCLIP\448 WE WENT.mp4","448 WE WENT.mp4","448 WE WENT","C:\VSC_VIDEOCLIP\448 WE WENT.mp4",".mp4","153075617","2025-12-27T18:53:01.167Z"
"C:\","2026-10-08T20:48:23.337Z","VSC_VIDEOCLIP\452 WESTERN STYLE.mp4","452 WESTERN STYLE.mp4","452 WESTERN STYLE","C:\VSC_VIDEOCLIP\452 WESTERN STYLE.mp4",".mp4","82492584","2026-01-11T11:52:38.950Z"
"C:\","2026-10-08T20:48:23.337Z","VSC_VIDEOCLIP\456 WHISKEY WHISKEY.mp4","456 WHISKEY WHISKEY.mp4","456 WHISKEY WHISKEY","C:\VSC_VIDEOCLIP\456 WHISKEY WHISKEY.mp4",".mp4","144847979","2026-01-11T12:02:00.200Z"
"C:\","2026-10-08T20:48:23.337Z","VSC_VIDEOCLIP\457 WHISKEY WIGGLE.mp4","457 WHISKEY WIGGLE.mp4","457 WHISKEY WIGGLE","C:\VSC_VIDEOCLIP\457 WHISKEY WIGGLE.mp4",".mp4","77844541","2026-01-11T12:08:19.660Z"
"C:\","2026-10-08T20:48:23.337Z","VSC_VIDEOCLIP\459 WILD AT EARTH .mp4","459 WILD AT EARTH .mp4","459 WILD AT EARTH ","C:\VSC_VIDEOCLIP\459 WILD AT EARTH .mp4",".mp4","107347145","2026-01-25T18:58:17.012Z"
"C:\","2026-10-08T20:48:23.337Z","VSC_VIDEOCLIP\460 WILD NIGHTS.mp4","460 WILD NIGHTS.mp4","460 WILD NIGHTS","C:\VSC_VIDEOCLIP\460 WILD NIGHTS.mp4",".mp4","109186953","2026-04-06T15:47:40.171Z"
"C:\","2026-10-08T20:48:23.337Z","VSC_VIDEOCLIP\464 WONDER.mp4","464 WONDER.mp4","464 WONDER","C:\VSC_VIDEOCLIP\464 WONDER.mp4",".mp4","67022914","2025-12-27T18:52:56.710Z"
"C:\","2026-10-08T20:48:23.337Z","VSC_VIDEOCLIP\466 YA COME DOWN.mp4","466 YA COME DOWN.mp4","466 YA COME DOWN","C:\VSC_VIDEOCLIP\466 YA COME DOWN.mp4",".mp4","64463511","2026-01-25T18:58:12.201Z"
"C:\","2026-10-08T20:48:23.337Z","VSC_VIDEOCLIP\469 YES.mp4","469 YES.mp4","469 YES","C:\VSC_VIDEOCLIP\469 YES.mp4",".mp4","78997040","2026-03-15T18:33:44.311Z"
"C:\","2026-10-08T20:48:23.337Z","VSC_VIDEOCLIP\471 ZANZARE.mp4","471 ZANZARE.mp4","471 ZANZARE","C:\VSC_VIDEOCLIP\471 ZANZARE.mp4",".mp4","84705671","2025-12-27T18:52:58.104Z"
"C:\","2026-10-08T20:48:23.337Z","VSC_VIDEOCLIP\472 ZJOZZY'S FUNK.mp4","472 ZJOZZY'S FUNK.mp4","472 ZJOZZY'S FUNK","C:\VSC_VIDEOCLIP\472 ZJOZZY'S FUNK.mp4",".mp4","28846844","2025-12-26T10:50:32.024Z"
"C:\","2026-10-08T20:48:23.337Z","VSC_VIDEOCLIP\473 ZORBA'S DANCE.mp4","473 ZORBA'S DANCE.mp4","473 ZORBA'S DANCE","C:\VSC_VIDEOCLIP\473 ZORBA'S DANCE.mp4",".mp4","8411537","2025-12-26T10:50:31.843Z"
"C:\","2026-10-08T20:48:23.337Z","VSC_VIDEOCLIP\474 MIRACLE.mp4","474 MIRACLE.mp4","474 MIRACLE","C:\VSC_VIDEOCLIP\474 MIRACLE.mp4",".mp4","85955964","2026-04-06T15:47:36.316Z"
"C:\","2026-10-08T20:48:23.337Z","VSC_VIDEOCLIP\475 TIPPIN' IT UP.mp4","475 TIPPIN' IT UP.mp4","475 TIPPIN' IT UP","C:\VSC_VIDEOCLIP\475 TIPPIN' IT UP.mp4",".mp4","55167045","2025-12-26T10:50:32.941Z"
"C:\","2026-10-08T20:48:23.337Z","VSC_VIDEOCLIP\479 LOVE SOMEBODY.mp4","479 LOVE SOMEBODY.mp4","479 LOVE SOMEBODY","C:\VSC_VIDEOCLIP\479 LOVE SOMEBODY.mp4",".mp4","24826330","2026-02-01T16:16:06.120Z"
"C:\","2026-10-08T20:48:23.337Z","VSC_VIDEOCLIP\498 DELICIOUS.mp4","498 DELICIOUS.mp4","498 DELICIOUS","C:\VSC_VIDEOCLIP\498 DELICIOUS.mp4",".mp4","85392857","2025-12-27T18:52:59.997Z"
"C:\","2026-10-08T20:48:23.337Z","VSC_VIDEOCLIP\499 MINDSET.mp4","499 MINDSET.mp4","499 MINDSET","C:\VSC_VIDEOCLIP\499 MINDSET.mp4",".mp4","126978753","2025-12-26T11:26:58.068Z"
"C:\","2026-10-08T20:48:23.337Z","VSC_VIDEOCLIP\501 LIQUOR TALKIN.mp4","501 LIQUOR TALKIN.mp4","501 LIQUOR TALKIN","C:\VSC_VIDEOCLIP\501 LIQUOR TALKIN.mp4",".mp4","53046696","2025-12-26T10:50:35.771Z"
"C:\","2026-10-08T20:48:23.337Z","VSC_VIDEOCLIP\502 BACK TO THE START.mp4","502 BACK TO THE START.mp4","502 BACK TO THE START","C:\VSC_VIDEOCLIP\502 BACK TO THE START.mp4",".mp4","72334317","2025-12-26T10:50:34.712Z"
"C:\","2026-10-08T20:48:23.337Z","VSC_VIDEOCLIP\510 MY CINDARELLA.mp4","510 MY CINDARELLA.mp4","510 MY CINDARELLA","C:\VSC_VIDEOCLIP\510 MY CINDARELLA.mp4",".mp4","74587206","2025-12-26T10:50:38.693Z"
"C:\","2026-10-08T20:48:23.337Z","VSC_VIDEOCLIP\511 CHEYENNE.mp4","511 CHEYENNE.mp4","511 CHEYENNE","C:\VSC_VIDEOCLIP\511 CHEYENNE.mp4",".mp4","117499965","2026-01-11T12:15:52.250Z"
"C:\","2026-10-08T20:48:23.337Z","VSC_VIDEOCLIP\514 WILD.mp4","514 WILD.mp4","514 WILD","C:\VSC_VIDEOCLIP\514 WILD.mp4",".mp4","17266493","2026-02-01T16:16:06.502Z"
"C:\","2026-10-08T20:48:23.337Z","VSC_VIDEOCLIP\515 CARRY YOU.mp4","515 CARRY YOU.mp4","515 CARRY YOU","C:\VSC_VIDEOCLIP\515 CARRY YOU.mp4",".mp4","150776582","2025-12-26T10:50:41.167Z"
"C:\","2026-10-08T20:48:23.337Z","VSC_VIDEOCLIP\524 OH LOVE.mp4","524 OH LOVE.mp4","524 OH LOVE","C:\VSC_VIDEOCLIP\524 OH LOVE.mp4",".mp4","105100898","2025-12-26T10:50:37.162Z"
"C:\","2026-10-08T20:48:23.337Z","VSC_VIDEOCLIP\525 LOOP.mp4","525 LOOP.mp4","525 LOOP","C:\VSC_VIDEOCLIP\525 LOOP.mp4",".mp4","10084455","2025-12-26T10:50:27.925Z"
"C:\","2026-10-08T20:48:23.337Z","VSC_VIDEOCLIP\526 RETRO.mp4","526 RETRO.mp4","526 RETRO","C:\VSC_VIDEOCLIP\526 RETRO.mp4",".mp4","107117402","2025-12-26T10:50:36.467Z"
"C:\","2026-10-08T20:48:23.337Z","VSC_VIDEOCLIP\531 NICE TO MEET YOU.mp4","531 NICE TO MEET YOU.mp4","531 NICE TO MEET YOU","C:\VSC_VIDEOCLIP\531 NICE TO MEET YOU.mp4",".mp4","65018400","2025-12-26T10:50:29.319Z"
"C:\","2026-10-08T20:48:23.337Z","VSC_VIDEOCLIP\534 MAGIC MOMENT.mp4","534 MAGIC MOMENT.mp4","534 MAGIC MOMENT","C:\VSC_VIDEOCLIP\534 MAGIC MOMENT.mp4",".mp4","58442197","2026-02-01T16:16:07.160Z"
"C:\","2026-10-08T20:48:23.337Z","VSC_VIDEOCLIP\535 SOMEWHERE IN SEDONA.mp4","535 SOMEWHERE IN SEDONA.mp4","535 SOMEWHERE IN SEDONA","C:\VSC_VIDEOCLIP\535 SOMEWHERE IN SEDONA.mp4",".mp4","52354259","2026-03-06T18:13:58.843Z"
"C:\","2026-10-08T20:48:23.337Z","VSC_VIDEOCLIP\537 MY MARIA.mp4","537 MY MARIA.mp4","537 MY MARIA","C:\VSC_VIDEOCLIP\537 MY MARIA.mp4",".mp4","38504477","2026-01-25T18:58:09.396Z"
"C:\","2026-10-08T20:48:23.337Z","VSC_VIDEOCLIP\538 SWISS GUY.mp4","538 SWISS GUY.mp4","538 SWISS GUY","C:\VSC_VIDEOCLIP\538 SWISS GUY.mp4",".mp4","55021154","2026-02-01T16:16:08.215Z"
"C:\","2026-10-08T20:48:23.337Z","VSC_VIDEOCLIP\539 CASANOVA COWBOY.mp4","539 CASANOVA COWBOY.mp4","539 CASANOVA COWBOY","C:\VSC_VIDEOCLIP\539 CASANOVA COWBOY.mp4",".mp4","75739813","2026-02-01T16:16:08.917Z"
"C:\","2026-10-08T20:48:23.337Z","VSC_VIDEOCLIP\541 TEXAS HOLD'EM.mp4","541 TEXAS HOLD'EM.mp4","541 TEXAS HOLD'EM","C:\VSC_VIDEOCLIP\541 TEXAS HOLD'EM.mp4",".mp4","76145911","2026-02-01T16:16:09.695Z"
"C:\","2026-10-08T20:48:23.337Z","VSC_VIDEOCLIP\546 CASANOVA COWBOY.mp4","546 CASANOVA COWBOY.mp4","546 CASANOVA COWBOY","C:\VSC_VIDEOCLIP\546 CASANOVA COWBOY.mp4",".mp4","77587268","2026-03-06T18:13:59.507Z"
"C:\","2026-10-08T20:48:23.337Z","VSC_VIDEOCLIP\547 C A R E.mp4","547 C A R E.mp4","547 C A R E","C:\VSC_VIDEOCLIP\547 C A R E.mp4",".mp4","119928710","2026-05-22T16:18:07.654Z"
"C:\","2026-10-08T20:48:23.337Z","VSC_VIDEOCLIP\548 I SHOWED YOU THE DOOR.mp4","548 I SHOWED YOU THE DOOR.mp4","548 I SHOWED YOU THE DOOR","C:\VSC_VIDEOCLIP\548 I SHOWED YOU THE DOOR.mp4",".mp4","47101345","2026-03-15T18:33:43.514Z"
"C:\","2026-10-08T20:48:23.337Z","VSC_VIDEOCLIP\549 CHEYENNE.mp4","549 CHEYENNE.mp4","549 CHEYENNE","C:\VSC_VIDEOCLIP\549 CHEYENNE.mp4",".mp4","14432314","2026-03-06T20:18:18.428Z"
"C:\","2026-10-08T20:48:23.337Z","VSC_VIDEOCLIP\550 THE THING I LOVE.mp4","550 THE THING I LOVE.mp4","550 THE THING I LOVE","C:\VSC_VIDEOCLIP\550 THE THING I LOVE.mp4",".mp4","99602863","2026-05-22T16:18:06.245Z"
"C:\","2026-10-08T20:48:23.337Z","VSC_VIDEOCLIP\557 GOOD GIRL.mp4","557 GOOD GIRL.mp4","557 GOOD GIRL","C:\VSC_VIDEOCLIP\557 GOOD GIRL.mp4",".mp4","79929067","2026-05-22T16:18:03.292Z"
"C:\","2026-10-08T20:48:23.337Z","VSC_VIDEOCLIP\558 MILES ON IT.mp4","558 MILES ON IT.mp4","558 MILES ON IT","C:\VSC_VIDEOCLIP\558 MILES ON IT.mp4",".mp4","80545423","2026-05-22T16:18:04.634Z"
"C:\","2026-10-08T20:48:23.337Z","VSC_VIDEOCLIP\566 POT OF GOLD.mp4","566 POT OF GOLD.mp4","566 POT OF GOLD","C:\VSC_VIDEOCLIP\566 POT OF GOLD.mp4",".mp4","217886644","2026-07-26T15:35:55.706Z"
"C:\","2026-10-08T20:48:23.337Z","VSC_VIDEOCLIP\567 KINGDOM OF FEAR.mp4","567 KINGDOM OF FEAR.mp4","567 KINGDOM OF FEAR","C:\VSC_VIDEOCLIP\567 KINGDOM OF FEAR.mp4",".mp4","92921694","2026-07-26T15:35:56.356Z"
"C:\","2026-10-08T20:48:23.337Z","VSC_VIDEOCLIP\596 COME COMPILARE MODULO DI GOOGLE.mp4","596 COME COMPILARE MODULO DI GOOGLE.mp4","596 COME COMPILARE MODULO DI GOOGLE","C:\VSC_VIDEOCLIP\596 COME COMPILARE MODULO DI GOOGLE.mp4",".mp4","12577364","2026-10-02T16:13:31.555Z"
"C:\","2026-10-08T20:48:23.337Z","VSC_VIDEOCLIP\597 NEW VIDEO PROMO CORSI 2026.mp4","597 NEW VIDEO PROMO CORSI 2026.mp4","597 NEW VIDEO PROMO CORSI 2026","C:\VSC_VIDEOCLIP\597 NEW VIDEO PROMO CORSI 2026.mp4",".mp4","2665626","2026-09-13T11:50:09.653Z"
"C:\","2026-10-08T20:48:23.337Z","VSC_VIDEOCLIP\598 PROMO MONSTER.mp4","598 PROMO MONSTER.mp4","598 PROMO MONSTER","C:\VSC_VIDEOCLIP\598 PROMO MONSTER.mp4",".mp4","32616618","2026-06-02T15:00:35.098Z"
"C:\","2026-10-08T20:48:23.337Z","VSC_VIDEOCLIP\599 AUDIO VIDEO TESTER.mp4","599 AUDIO VIDEO TESTER.mp4","599 AUDIO VIDEO TESTER","C:\VSC_VIDEOCLIP\599 AUDIO VIDEO TESTER.mp4",".mp4","48385081","2025-12-27T18:52:56.232Z"
"C:\","2026-10-08T20:48:23.337Z","Windows\ImmersiveControlPanel\SystemSettings\Assets\Aria.mp3","Aria.mp3","Aria","C:\Windows\ImmersiveControlPanel\SystemSettings\Assets\Aria.mp3",".mp3","119225","2024-04-01T07:22:53.310Z"
"C:\","2026-10-08T20:48:23.337Z","Windows\ImmersiveControlPanel\SystemSettings\Assets\Guy.mp3","Guy.mp3","Guy","C:\Windows\ImmersiveControlPanel\SystemSettings\Assets\Guy.mp3",".mp3","108985","2024-04-01T07:22:53.326Z"
"C:\","2026-10-08T20:48:23.337Z","Windows\ImmersiveControlPanel\SystemSettings\Assets\Jenny.mp3","Jenny.mp3","Jenny","C:\Windows\ImmersiveControlPanel\SystemSettings\Assets\Jenny.mp3",".mp3","106268","2024-04-01T07:22:53.326Z"
"C:\","2026-10-08T20:48:23.337Z","Windows\ImmersiveControlPanel\SystemSettings\Assets\SDRSampleAccessibility.mkv","SDRSampleAccessibility.mkv","SDRSampleAccessibility","C:\Windows\ImmersiveControlPanel\SystemSettings\Assets\SDRSampleAccessibility.mkv",".mkv","1813418","2024-04-01T07:22:53.294Z"
"C:\","2026-10-08T20:48:23.337Z","Windows\Media\Alarm01.wav","Alarm01.wav","Alarm01","C:\Windows\Media\Alarm01.wav",".wav","491516","2024-04-01T07:22:50.857Z"
"C:\","2026-10-08T20:48:23.337Z","Windows\Media\Alarm02.wav","Alarm02.wav","Alarm02","C:\Windows\Media\Alarm02.wav",".wav","331108","2024-04-01T07:22:50.966Z"
"C:\","2026-10-08T20:48:23.337Z","Windows\Media\Alarm03.wav","Alarm03.wav","Alarm03","C:\Windows\Media\Alarm03.wav",".wav","355588","2024-04-01T07:22:51.107Z"
"C:\","2026-10-08T20:48:23.337Z","Windows\Media\Alarm04.wav","Alarm04.wav","Alarm04","C:\Windows\Media\Alarm04.wav",".wav","409152","2024-04-01T07:22:51.185Z"
"C:\","2026-10-08T20:48:23.337Z","Windows\Media\Alarm05.wav","Alarm05.wav","Alarm05","C:\Windows\Media\Alarm05.wav",".wav","728396","2024-04-01T07:22:51.263Z"
"C:\","2026-10-08T20:48:23.337Z","Windows\Media\Alarm06.wav","Alarm06.wav","Alarm06","C:\Windows\Media\Alarm06.wav",".wav","600252","2024-04-01T07:22:51.326Z"
"C:\","2026-10-08T20:48:23.337Z","Windows\Media\Alarm07.wav","Alarm07.wav","Alarm07","C:\Windows\Media\Alarm07.wav",".wav","560944","2024-04-01T07:22:51.372Z"
"C:\","2026-10-08T20:48:23.337Z","Windows\Media\Alarm08.wav","Alarm08.wav","Alarm08","C:\Windows\Media\Alarm08.wav",".wav","505788","2024-04-01T07:22:51.404Z"
"C:\","2026-10-08T20:48:23.337Z","Windows\Media\Alarm09.wav","Alarm09.wav","Alarm09","C:\Windows\Media\Alarm09.wav",".wav","483904","2024-04-01T07:22:51.451Z"
"C:\","2026-10-08T20:48:23.337Z","Windows\Media\Alarm10.wav","Alarm10.wav","Alarm10","C:\Windows\Media\Alarm10.wav",".wav","335564","2024-04-01T07:22:51.497Z"
"C:\","2026-10-08T20:48:23.337Z","Windows\Media\chimes.wav","chimes.wav","chimes","C:\Windows\Media\chimes.wav",".wav","216364","2024-04-01T07:22:43.310Z"
"C:\","2026-10-08T20:48:23.337Z","Windows\Media\chord.wav","chord.wav","chord","C:\Windows\Media\chord.wav",".wav","113964","2024-04-01T07:22:44.466Z"
"C:\","2026-10-08T20:48:23.337Z","Windows\Media\ding.wav","ding.wav","ding","C:\Windows\Media\ding.wav",".wav","70060","2024-04-01T07:22:45.388Z"
"C:\","2026-10-08T20:48:23.337Z","Windows\Media\dm\Windows Background.wav","Windows Background.wav","Windows Background","C:\Windows\Media\dm\Windows Background.wav",".wav","247668","2024-04-01T07:22:43.326Z"
"C:\","2026-10-08T20:48:23.337Z","Windows\Media\dm\Windows Foreground.wav","Windows Foreground.wav","Windows Foreground","C:\Windows\Media\dm\Windows Foreground.wav",".wav","405380","2024-04-01T07:22:44.482Z"
"C:\","2026-10-08T20:48:23.337Z","Windows\Media\dm\Windows Hardware Fail.wav","Windows Hardware Fail.wav","Windows Hardware Fail","C:\Windows\Media\dm\Windows Hardware Fail.wav",".wav","128968","2024-04-01T07:22:45.404Z"
"C:\","2026-10-08T20:48:23.337Z","Windows\Media\dm\Windows Hardware Insert.wav","Windows Hardware Insert.wav","Windows Hardware Insert","C:\Windows\Media\dm\Windows Hardware Insert.wav",".wav","125624","2024-04-01T07:22:45.826Z"
"C:\","2026-10-08T20:48:23.337Z","Windows\Media\dm\Windows Hardware Remove.wav","Windows Hardware Remove.wav","Windows Hardware Remove","C:\Windows\Media\dm\Windows Hardware Remove.wav",".wav","76584","2024-04-01T07:22:46.154Z"
"C:\","2026-10-08T20:48:23.337Z","Windows\Media\dm\Windows Notify Calendar.wav","Windows Notify Calendar.wav","Windows Notify Calendar","C:\Windows\Media\dm\Windows Notify Calendar.wav",".wav","381972","2024-04-01T07:22:41.951Z"
"C:\","2026-10-08T20:48:23.337Z","Windows\Media\dm\Windows Notify Email.wav","Windows Notify Email.wav","Windows Notify Email","C:\Windows\Media\dm\Windows Notify Email.wav",".wav","376400","2024-04-01T07:22:39.076Z"
"C:\","2026-10-08T20:48:23.337Z","Windows\Media\dm\Windows Notify Messaging.wav","Windows Notify Messaging.wav","Windows Notify Messaging","C:\Windows\Media\dm\Windows Notify Messaging.wav",".wav","359684","2024-04-01T07:22:30.138Z"
"C:\","2026-10-08T20:48:23.337Z","Windows\Media\dm\Windows Notify System Generic.wav","Windows Notify System Generic.wav","Windows Notify System Generic","C:\Windows\Media\dm\Windows Notify System Generic.wav",".wav","248228","2024-04-01T07:22:04.653Z"
"C:\","2026-10-08T20:48:23.337Z","Windows\Media\dm\Windows User Account Control.wav","Windows User Account Control.wav","Windows User Account Control","C:\Windows\Media\dm\Windows User Account Control.wav",".wav","405380","2024-04-01T07:22:46.482Z"
"C:\","2026-10-08T20:48:23.337Z","Windows\Media\flourish.mid","flourish.mid","flourish","C:\Windows\Media\flourish.mid",".mid","24253","2024-04-01T07:22:30.138Z"
"C:\","2026-10-08T20:48:23.337Z","Windows\Media\notify.wav","notify.wav","notify","C:\Windows\Media\notify.wav",".wav","228396","2024-04-01T07:22:45.810Z"
"C:\","2026-10-08T20:48:23.337Z","Windows\Media\onestop.mid","onestop.mid","onestop","C:\Windows\Media\onestop.mid",".mid","40075","2024-04-01T07:22:39.076Z"
"C:\","2026-10-08T20:48:23.337Z","Windows\Media\recycle.wav","recycle.wav","recycle","C:\Windows\Media\recycle.wav",".wav","111788","2024-04-01T07:22:46.154Z"
"C:\","2026-10-08T20:48:23.337Z","Windows\Media\Ring01.wav","Ring01.wav","Ring01","C:\Windows\Media\Ring01.wav",".wav","498420","2024-04-01T07:22:51.544Z"
"C:\","2026-10-08T20:48:23.337Z","Windows\Media\Ring02.wav","Ring02.wav","Ring02","C:\Windows\Media\Ring02.wav",".wav","314468","2024-04-01T07:22:51.576Z"
"C:\","2026-10-08T20:48:23.337Z","Windows\Media\Ring03.wav","Ring03.wav","Ring03","C:\Windows\Media\Ring03.wav",".wav","826944","2024-04-01T07:22:51.623Z"
"C:\","2026-10-08T20:48:23.337Z","Windows\Media\Ring04.wav","Ring04.wav","Ring04","C:\Windows\Media\Ring04.wav",".wav","698740","2024-04-01T07:22:51.654Z"
"C:\","2026-10-08T20:48:23.337Z","Windows\Media\Ring05.wav","Ring05.wav","Ring05","C:\Windows\Media\Ring05.wav",".wav","1132740","2024-04-01T07:22:51.685Z"
"C:\","2026-10-08T20:48:23.337Z","Windows\Media\Ring06.wav","Ring06.wav","Ring06","C:\Windows\Media\Ring06.wav",".wav","305876","2024-04-01T07:22:51.732Z"
"C:\","2026-10-08T20:48:23.337Z","Windows\Media\Ring07.wav","Ring07.wav","Ring07","C:\Windows\Media\Ring07.wav",".wav","493948","2024-04-01T07:22:51.763Z"
"C:\","2026-10-08T20:48:23.337Z","Windows\Media\Ring08.wav","Ring08.wav","Ring08","C:\Windows\Media\Ring08.wav",".wav","995772","2024-04-01T07:22:51.794Z"
"C:\","2026-10-08T20:48:23.337Z","Windows\Media\Ring09.wav","Ring09.wav","Ring09","C:\Windows\Media\Ring09.wav",".wav","869328","2024-04-01T07:22:51.826Z"
"C:\","2026-10-08T20:48:23.337Z","Windows\Media\Ring10.wav","Ring10.wav","Ring10","C:\Windows\Media\Ring10.wav",".wav","701708","2024-04-01T07:22:51.857Z"
"C:\","2026-10-08T20:48:23.337Z","Windows\Media\ringout.wav","ringout.wav","ringout","C:\Windows\Media\ringout.wav",".wav","88236","2024-04-01T07:22:46.466Z"
"C:\","2026-10-08T20:48:23.337Z","Windows\Media\Speech Disambiguation.wav","Speech Disambiguation.wav","Speech Disambiguation","C:\Windows\Media\Speech Disambiguation.wav",".wav","153644","2024-04-01T07:22:46.232Z"
"C:\","2026-10-08T20:48:23.337Z","Windows\Media\Speech Misrecognition.wav","Speech Misrecognition.wav","Speech Misrecognition","C:\Windows\Media\Speech Misrecognition.wav",".wav","71212","2024-04-01T07:22:45.904Z"
"C:\","2026-10-08T20:48:23.337Z","Windows\Media\Speech Off.wav","Speech Off.wav","Speech Off","C:\Windows\Media\Speech Off.wav",".wav","188460","2024-04-01T07:22:44.654Z"
"C:\","2026-10-08T20:48:23.337Z","Windows\Media\Speech On.wav","Speech On.wav","Speech On","C:\Windows\Media\Speech On.wav",".wav","147500","2024-04-01T07:22:43.544Z"
"C:\","2026-10-08T20:48:23.337Z","Windows\Media\Speech Sleep.wav","Speech Sleep.wav","Speech Sleep","C:\Windows\Media\Speech Sleep.wav",".wav","128812","2024-04-01T07:22:45.529Z"
"C:\","2026-10-08T20:48:23.337Z","Windows\Media\tada.wav","tada.wav","tada","C:\Windows\Media\tada.wav",".wav","285228","2024-04-01T07:22:46.763Z"
"C:\","2026-10-08T20:48:23.337Z","Windows\Media\town.mid","town.mid","town","C:\Windows\Media\town.mid",".mid","22097","2024-04-01T07:22:41.951Z"
"C:\","2026-10-08T20:48:23.337Z","Windows\Media\Windows Background.wav","Windows Background.wav","Windows Background","C:\Windows\Media\Windows Background.wav",".wav","247624","2024-04-01T07:22:51.951Z"
"C:\","2026-10-08T20:48:23.337Z","Windows\Media\Windows Balloon.wav","Windows Balloon.wav","Windows Balloon","C:\Windows\Media\Windows Balloon.wav",".wav","178220","2024-04-01T07:22:47.013Z"
"C:\","2026-10-08T20:48:23.337Z","Windows\Media\Windows Battery Critical.wav","Windows Battery Critical.wav","Windows Battery Critical","C:\Windows\Media\Windows Battery Critical.wav",".wav","214828","2024-04-01T07:22:47.247Z"
"C:\","2026-10-08T20:48:23.337Z","Windows\Media\Windows Battery Low.wav","Windows Battery Low.wav","Windows Battery Low","C:\Windows\Media\Windows Battery Low.wav",".wav","179500","2024-04-01T07:22:47.466Z"
"C:\","2026-10-08T20:48:23.337Z","Windows\Media\Windows Critical Stop.wav","Windows Critical Stop.wav","Windows Critical Stop","C:\Windows\Media\Windows Critical Stop.wav",".wav","159276","2024-04-01T07:22:47.654Z"
"C:\","2026-10-08T20:48:23.337Z","Windows\Media\Windows Default.wav","Windows Default.wav","Windows Default","C:\Windows\Media\Windows Default.wav",".wav","72620","2024-04-01T07:22:47.841Z"
"C:\","2026-10-08T20:48:23.337Z","Windows\Media\Windows Ding.wav","Windows Ding.wav","Windows Ding","C:\Windows\Media\Windows Ding.wav",".wav","191788","2024-04-01T07:22:48.029Z"
"C:\","2026-10-08T20:48:23.337Z","Windows\Media\Windows Error.wav","Windows Error.wav","Windows Error","C:\Windows\Media\Windows Error.wav",".wav","171564","2024-04-01T07:22:48.341Z"
"C:\","2026-10-08T20:48:23.337Z","Windows\Media\Windows Exclamation.wav","Windows Exclamation.wav","Windows Exclamation","C:\Windows\Media\Windows Exclamation.wav",".wav","240284","2024-04-01T07:22:48.482Z"
"C:\","2026-10-08T20:48:23.337Z","Windows\Media\Windows Feed Discovered.wav","Windows Feed Discovered.wav","Windows Feed Discovered","C:\Windows\Media\Windows Feed Discovered.wav",".wav","19884","2024-04-01T07:22:40.185Z"
"C:\","2026-10-08T20:48:23.337Z","Windows\Media\Windows Foreground.wav","Windows Foreground.wav","Windows Foreground","C:\Windows\Media\Windows Foreground.wav",".wav","405040","2024-04-01T07:22:51.982Z"
"C:\","2026-10-08T20:48:23.337Z","Windows\Media\Windows Hardware Fail.wav","Windows Hardware Fail.wav","Windows Hardware Fail","C:\Windows\Media\Windows Hardware Fail.wav",".wav","128720","2024-04-01T07:22:52.013Z"
"C:\","2026-10-08T20:48:23.337Z","Windows\Media\Windows Hardware Insert.wav","Windows Hardware Insert.wav","Windows Hardware Insert","C:\Windows\Media\Windows Hardware Insert.wav",".wav","125220","2024-04-01T07:22:52.029Z"
"C:\","2026-10-08T20:48:23.337Z","Windows\Media\Windows Hardware Remove.wav","Windows Hardware Remove.wav","Windows Hardware Remove","C:\Windows\Media\Windows Hardware Remove.wav",".wav","161580","2024-04-01T07:22:52.044Z"
"C:\","2026-10-08T20:48:23.337Z","Windows\Media\Windows Information Bar.wav","Windows Information Bar.wav","Windows Information Bar","C:\Windows\Media\Windows Information Bar.wav",".wav","23308","2024-04-01T07:22:35.232Z"
"C:\","2026-10-08T20:48:23.337Z","Windows\Media\Windows Logoff Sound.wav","Windows Logoff Sound.wav","Windows Logoff Sound","C:\Windows\Media\Windows Logoff Sound.wav",".wav","190388","2024-04-01T07:22:48.607Z"
"C:\","2026-10-08T20:48:23.337Z","Windows\Media\Windows Logon.wav","Windows Logon.wav","Windows Logon","C:\Windows\Media\Windows Logon.wav",".wav","384496","2024-04-01T07:22:52.060Z"
"C:\","2026-10-08T20:48:23.337Z","Windows\Media\Windows Menu Command.wav","Windows Menu Command.wav","Windows Menu Command","C:\Windows\Media\Windows Menu Command.wav",".wav","26124","2024-04-01T07:22:48.888Z"
"C:\","2026-10-08T20:48:23.337Z","Windows\Media\Windows Message Nudge.wav","Windows Message Nudge.wav","Windows Message Nudge","C:\Windows\Media\Windows Message Nudge.wav",".wav","240140","2024-04-01T07:22:50.794Z"
"C:\","2026-10-08T20:48:23.337Z","Windows\Media\Windows Minimize.wav","Windows Minimize.wav","Windows Minimize","C:\Windows\Media\Windows Minimize.wav",".wav","129580","2024-04-01T07:22:49.185Z"
"C:\","2026-10-08T20:48:23.337Z","Windows\Media\Windows Navigation Start.wav","Windows Navigation Start.wav","Windows Navigation Start","C:\Windows\Media\Windows Navigation Start.wav",".wav","11340","2024-04-01T07:22:42.529Z"
"C:\","2026-10-08T20:48:23.337Z","Windows\Media\Windows Notify Calendar.wav","Windows Notify Calendar.wav","Windows Notify Calendar","C:\Windows\Media\Windows Notify Calendar.wav",".wav","381956","2024-04-01T07:22:51.935Z"
"C:\","2026-10-08T20:48:23.337Z","Windows\Media\Windows Notify Email.wav","Windows Notify Email.wav","Windows Notify Email","C:\Windows\Media\Windows Notify Email.wav",".wav","376120","2024-04-01T07:22:51.904Z"
"C:\","2026-10-08T20:48:23.337Z","Windows\Media\Windows Notify Messaging.wav","Windows Notify Messaging.wav","Windows Notify Messaging","C:\Windows\Media\Windows Notify Messaging.wav",".wav","359412","2024-04-01T07:22:50.747Z"
"C:\","2026-10-08T20:48:23.337Z","Windows\Media\Windows Notify System Generic.wav","Windows Notify System Generic.wav","Windows Notify System Generic","C:\Windows\Media\Windows Notify System Generic.wav",".wav","248092","2024-04-01T07:22:50.685Z"
"C:\","2026-10-08T20:48:23.337Z","Windows\Media\Windows Notify.wav","Windows Notify.wav","Windows Notify","C:\Windows\Media\Windows Notify.wav",".wav","227372","2024-04-01T07:22:49.294Z"
"C:\","2026-10-08T20:48:23.337Z","Windows\Media\Windows Pop-up Blocked.wav","Windows Pop-up Blocked.wav","Windows Pop-up Blocked","C:\Windows\Media\Windows Pop-up Blocked.wav",".wav","85548","2024-04-01T07:22:17.388Z"
"C:\","2026-10-08T20:48:23.337Z","Windows\Media\Windows Print complete.wav","Windows Print complete.wav","Windows Print complete","C:\Windows\Media\Windows Print complete.wav",".wav","353836","2024-04-01T07:22:49.482Z"
"C:\","2026-10-08T20:48:23.337Z","Windows\Media\Windows Proximity Connection.wav","Windows Proximity Connection.wav","Windows Proximity Connection","C:\Windows\Media\Windows Proximity Connection.wav",".wav","352060","2024-04-01T07:22:50.357Z"
"C:\","2026-10-08T20:48:23.337Z","Windows\Media\Windows Proximity Notification.wav","Windows Proximity Notification.wav","Windows Proximity Notification","C:\Windows\Media\Windows Proximity Notification.wav",".wav","143740","2024-04-01T07:22:50.622Z"
"C:\","2026-10-08T20:48:23.337Z","Windows\Media\Windows Recycle.wav","Windows Recycle.wav","Windows Recycle","C:\Windows\Media\Windows Recycle.wav",".wav","95404","2024-04-01T07:22:49.888Z"
"C:\","2026-10-08T20:48:23.337Z","Windows\Media\Windows Restore.wav","Windows Restore.wav","Windows Restore","C:\Windows\Media\Windows Restore.wav",".wav","154924","2024-04-01T07:22:49.982Z"
"C:\","2026-10-08T20:48:23.337Z","Windows\Media\Windows Ringin.wav","Windows Ringin.wav","Windows Ringin","C:\Windows\Media\Windows Ringin.wav",".wav","198956","2024-04-01T07:22:50.060Z"
"C:\","2026-10-08T20:48:23.337Z","Windows\Media\Windows Ringout.wav","Windows Ringout.wav","Windows Ringout","C:\Windows\Media\Windows Ringout.wav",".wav","22070","2024-04-01T07:22:50.138Z"
"C:\","2026-10-08T20:48:23.337Z","Windows\Media\Windows Shutdown.wav","Windows Shutdown.wav","Windows Shutdown","C:\Windows\Media\Windows Shutdown.wav",".wav","169444","2024-04-01T07:22:50.216Z"
"C:\","2026-10-08T20:48:23.337Z","Windows\Media\Windows Startup.wav","Windows Startup.wav","Windows Startup","C:\Windows\Media\Windows Startup.wav",".wav","38380","2024-04-01T07:22:50.294Z"
"C:\","2026-10-08T20:48:23.337Z","Windows\Media\Windows Unlock.wav","Windows Unlock.wav","Windows Unlock","C:\Windows\Media\Windows Unlock.wav",".wav","241708","2024-04-01T07:22:52.091Z"
"C:\","2026-10-08T20:48:23.337Z","Windows\Media\Windows User Account Control.wav","Windows User Account Control.wav","Windows User Account Control","C:\Windows\Media\Windows User Account Control.wav",".wav","405040","2024-04-01T07:22:52.107Z"
"C:\","2026-10-08T20:48:23.337Z","Windows\System32\DriverStore\FileRepository\cui_dch.inf_amd64_19704598c1c9840a\ColorImageEnhancement.wmv","ColorImageEnhancement.wmv","ColorImageEnhancement","C:\Windows\System32\DriverStore\FileRepository\cui_dch.inf_amd64_19704598c1c9840a\ColorImageEnhancement.wmv",".wmv","375173","2024-02-22T17:18:04.000Z"
"C:\","2026-10-08T20:48:23.337Z","Windows\System32\DriverStore\FileRepository\cui_dch.inf_amd64_19704598c1c9840a\FilmModeDetection.wmv","FilmModeDetection.wmv","FilmModeDetection","C:\Windows\System32\DriverStore\FileRepository\cui_dch.inf_amd64_19704598c1c9840a\FilmModeDetection.wmv",".wmv","641530","2024-02-22T17:18:04.000Z"
"C:\","2026-10-08T20:48:23.337Z","Windows\System32\DriverStore\FileRepository\cui_dch.inf_amd64_19704598c1c9840a\ImageStabilization.wmv","ImageStabilization.wmv","ImageStabilization","C:\Windows\System32\DriverStore\FileRepository\cui_dch.inf_amd64_19704598c1c9840a\ImageStabilization.wmv",".wmv","403671","2024-02-22T17:18:26.000Z"
"C:\","2026-10-08T20:48:23.337Z","Windows\System32\DriverStore\FileRepository\cui_dch.inf_amd64_5982c62fc77e3e6c\ColorImageEnhancement.wmv","ColorImageEnhancement.wmv","ColorImageEnhancement","C:\Windows\System32\DriverStore\FileRepository\cui_dch.inf_amd64_5982c62fc77e3e6c\ColorImageEnhancement.wmv",".wmv","375173","2023-01-06T12:30:59.000Z"
"C:\","2026-10-08T20:48:23.337Z","Windows\System32\DriverStore\FileRepository\cui_dch.inf_amd64_5982c62fc77e3e6c\FilmModeDetection.wmv","FilmModeDetection.wmv","FilmModeDetection","C:\Windows\System32\DriverStore\FileRepository\cui_dch.inf_amd64_5982c62fc77e3e6c\FilmModeDetection.wmv",".wmv","641530","2023-01-06T12:31:02.000Z"
"C:\","2026-10-08T20:48:23.337Z","Windows\System32\DriverStore\FileRepository\cui_dch.inf_amd64_5982c62fc77e3e6c\ImageStabilization.wmv","ImageStabilization.wmv","ImageStabilization","C:\Windows\System32\DriverStore\FileRepository\cui_dch.inf_amd64_5982c62fc77e3e6c\ImageStabilization.wmv",".wmv","403671","2023-01-06T12:32:01.000Z"
"C:\","2026-10-08T20:48:23.337Z","Windows\System32\DriverStore\FileRepository\cui_dch.inf_amd64_e2260a1c8c80723a\ColorImageEnhancement.wmv","ColorImageEnhancement.wmv","ColorImageEnhancement","C:\Windows\System32\DriverStore\FileRepository\cui_dch.inf_amd64_e2260a1c8c80723a\ColorImageEnhancement.wmv",".wmv","375173","2024-07-11T19:47:20.000Z"
"C:\","2026-10-08T20:48:23.337Z","Windows\System32\DriverStore\FileRepository\cui_dch.inf_amd64_e2260a1c8c80723a\FilmModeDetection.wmv","FilmModeDetection.wmv","FilmModeDetection","C:\Windows\System32\DriverStore\FileRepository\cui_dch.inf_amd64_e2260a1c8c80723a\FilmModeDetection.wmv",".wmv","641530","2024-07-11T19:47:20.000Z"
"C:\","2026-10-08T20:48:23.337Z","Windows\System32\DriverStore\FileRepository\cui_dch.inf_amd64_e2260a1c8c80723a\ImageStabilization.wmv","ImageStabilization.wmv","ImageStabilization","C:\Windows\System32\DriverStore\FileRepository\cui_dch.inf_amd64_e2260a1c8c80723a\ImageStabilization.wmv",".wmv","403671","2024-07-11T19:47:38.000Z"
"C:\","2026-10-08T20:48:23.337Z","Windows\SystemApps\Microsoft.Windows.CloudExperienceHost_cw5n1h2txyewy\media\oobe-intro.mp4","oobe-intro.mp4","oobe-intro","C:\Windows\SystemApps\Microsoft.Windows.CloudExperienceHost_cw5n1h2txyewy\media\oobe-intro.mp4",".mp4","593061","2024-04-01T07:22:50.169Z"
"C:\","2026-10-08T20:48:23.337Z","Windows\SystemApps\MicrosoftWindows.Client.CBS_cw5n1h2txyewy\InputApp\Assets\Dictation\BasicCancelledEarcon.wav","BasicCancelledEarcon.wav","BasicCancelledEarcon","C:\Windows\SystemApps\MicrosoftWindows.Client.CBS_cw5n1h2txyewy\InputApp\Assets\Dictation\BasicCancelledEarcon.wav",".wav","17494","2024-04-01T07:22:54.763Z"
"C:\","2026-10-08T20:48:23.337Z","Windows\SystemApps\MicrosoftWindows.Client.CBS_cw5n1h2txyewy\InputApp\Assets\Dictation\BasicDoneListeningEarcon.wav","BasicDoneListeningEarcon.wav","BasicDoneListeningEarcon","C:\Windows\SystemApps\MicrosoftWindows.Client.CBS_cw5n1h2txyewy\InputApp\Assets\Dictation\BasicDoneListeningEarcon.wav",".wav","17852","2024-04-01T07:22:54.763Z"
"C:\","2026-10-08T20:48:23.337Z","Windows\SystemApps\MicrosoftWindows.Client.CBS_cw5n1h2txyewy\InputApp\Assets\Dictation\BasicListeningEarcon.wav","BasicListeningEarcon.wav","BasicListeningEarcon","C:\Windows\SystemApps\MicrosoftWindows.Client.CBS_cw5n1h2txyewy\InputApp\Assets\Dictation\BasicListeningEarcon.wav",".wav","15814","2024-04-01T07:22:54.763Z"
"C:\","2026-10-08T20:48:23.337Z","Windows\SystemApps\MicrosoftWindows.Client.CBS_cw5n1h2txyewy\InputApp\Assets\KbdAccentPicker.wav","KbdAccentPicker.wav","KbdAccentPicker","C:\Windows\SystemApps\MicrosoftWindows.Client.CBS_cw5n1h2txyewy\InputApp\Assets\KbdAccentPicker.wav",".wav","5684","2024-04-01T07:22:54.794Z"
"C:\","2026-10-08T20:48:23.337Z","Windows\SystemApps\MicrosoftWindows.Client.CBS_cw5n1h2txyewy\InputApp\Assets\KbdFunction.wav","KbdFunction.wav","KbdFunction","C:\Windows\SystemApps\MicrosoftWindows.Client.CBS_cw5n1h2txyewy\InputApp\Assets\KbdFunction.wav",".wav","2358","2024-04-01T07:22:54.794Z"
"C:\","2026-10-08T20:48:23.337Z","Windows\SystemApps\MicrosoftWindows.Client.CBS_cw5n1h2txyewy\InputApp\Assets\KbdFunctionModernUX.wav","KbdFunctionModernUX.wav","KbdFunctionModernUX","C:\Windows\SystemApps\MicrosoftWindows.Client.CBS_cw5n1h2txyewy\InputApp\Assets\KbdFunctionModernUX.wav",".wav","1318","2024-04-01T07:22:54.794Z"
"C:\","2026-10-08T20:48:23.337Z","Windows\SystemApps\MicrosoftWindows.Client.CBS_cw5n1h2txyewy\InputApp\Assets\KbdKeyTap.wav","KbdKeyTap.wav","KbdKeyTap","C:\Windows\SystemApps\MicrosoftWindows.Client.CBS_cw5n1h2txyewy\InputApp\Assets\KbdKeyTap.wav",".wav","2976","2024-04-01T07:22:54.810Z"
"C:\","2026-10-08T20:48:23.337Z","Windows\SystemApps\MicrosoftWindows.Client.CBS_cw5n1h2txyewy\InputApp\Assets\KbdKeyTapModernUX.wav","KbdKeyTapModernUX.wav","KbdKeyTapModernUX","C:\Windows\SystemApps\MicrosoftWindows.Client.CBS_cw5n1h2txyewy\InputApp\Assets\KbdKeyTapModernUX.wav",".wav","1776","2024-04-01T07:22:54.810Z"
"C:\","2026-10-08T20:48:23.337Z","Windows\SystemApps\MicrosoftWindows.Client.CBS_cw5n1h2txyewy\InputApp\Assets\KbdSpacebar.wav","KbdSpacebar.wav","KbdSpacebar","C:\Windows\SystemApps\MicrosoftWindows.Client.CBS_cw5n1h2txyewy\InputApp\Assets\KbdSpacebar.wav",".wav","2358","2024-04-01T07:22:54.810Z"
"C:\","2026-10-08T20:48:23.337Z","Windows\SystemApps\MicrosoftWindows.Client.CBS_cw5n1h2txyewy\InputApp\Assets\KbdSpaceBarModernUX.wav","KbdSpaceBarModernUX.wav","KbdSpaceBarModernUX","C:\Windows\SystemApps\MicrosoftWindows.Client.CBS_cw5n1h2txyewy\InputApp\Assets\KbdSpaceBarModernUX.wav",".wav","1184","2024-04-01T07:22:54.810Z"
"C:\","2026-10-08T20:48:23.337Z","Windows\SystemApps\MicrosoftWindows.Client.CBS_cw5n1h2txyewy\InputApp\Assets\KbdSwipeGesture.wav","KbdSwipeGesture.wav","KbdSwipeGesture","C:\Windows\SystemApps\MicrosoftWindows.Client.CBS_cw5n1h2txyewy\InputApp\Assets\KbdSwipeGesture.wav",".wav","11652","2024-04-01T07:22:54.810Z"
"C:\","2026-10-08T20:48:23.337Z","Windows\SystemApps\MicrosoftWindows.Client.Core_cw5n1h2txyewy\ScreenClipping\Assets\Sounds\camerashutter.wav","camerashutter.wav","camerashutter","C:\Windows\SystemApps\MicrosoftWindows.Client.Core_cw5n1h2txyewy\ScreenClipping\Assets\Sounds\camerashutter.wav",".wav","225786","2024-04-01T07:22:50.872Z"
"C:\","2026-10-08T20:48:23.337Z","Windows\SystemApps\SxS\MicrosoftWindows.61869836.InpApp_cw5n1h2txyewy\InputApp\Assets\Dictation\BasicCancelledEarcon.wav","BasicCancelledEarcon.wav","BasicCancelledEarcon","C:\Windows\SystemApps\SxS\MicrosoftWindows.61869836.InpApp_cw5n1h2txyewy\InputApp\Assets\Dictation\BasicCancelledEarcon.wav",".wav","17494","2026-05-27T17:12:32.477Z"
"C:\","2026-10-08T20:48:23.337Z","Windows\SystemApps\SxS\MicrosoftWindows.61869836.InpApp_cw5n1h2txyewy\InputApp\Assets\Dictation\BasicDoneListeningEarcon.wav","BasicDoneListeningEarcon.wav","BasicDoneListeningEarcon","C:\Windows\SystemApps\SxS\MicrosoftWindows.61869836.InpApp_cw5n1h2txyewy\InputApp\Assets\Dictation\BasicDoneListeningEarcon.wav",".wav","17852","2026-05-27T17:12:32.483Z"
"C:\","2026-10-08T20:48:23.337Z","Windows\SystemApps\SxS\MicrosoftWindows.61869836.InpApp_cw5n1h2txyewy\InputApp\Assets\Dictation\BasicListeningEarcon.wav","BasicListeningEarcon.wav","BasicListeningEarcon","C:\Windows\SystemApps\SxS\MicrosoftWindows.61869836.InpApp_cw5n1h2txyewy\InputApp\Assets\Dictation\BasicListeningEarcon.wav",".wav","15814","2026-05-27T17:12:32.486Z"
"C:\","2026-10-08T20:48:23.337Z","Windows\SystemApps\SxS\MicrosoftWindows.61869836.InpApp_cw5n1h2txyewy\InputApp\Assets\KbdAccentPicker.wav","KbdAccentPicker.wav","KbdAccentPicker","C:\Windows\SystemApps\SxS\MicrosoftWindows.61869836.InpApp_cw5n1h2txyewy\InputApp\Assets\KbdAccentPicker.wav",".wav","5684","2026-05-27T17:12:32.556Z"
"C:\","2026-10-08T20:48:23.337Z","Windows\SystemApps\SxS\MicrosoftWindows.61869836.InpApp_cw5n1h2txyewy\InputApp\Assets\KbdFunction.wav","KbdFunction.wav","KbdFunction","C:\Windows\SystemApps\SxS\MicrosoftWindows.61869836.InpApp_cw5n1h2txyewy\InputApp\Assets\KbdFunction.wav",".wav","2358","2026-05-27T17:12:32.565Z"
"C:\","2026-10-08T20:48:23.337Z","Windows\SystemApps\SxS\MicrosoftWindows.61869836.InpApp_cw5n1h2txyewy\InputApp\Assets\KbdFunctionModernUX.wav","KbdFunctionModernUX.wav","KbdFunctionModernUX","C:\Windows\SystemApps\SxS\MicrosoftWindows.61869836.InpApp_cw5n1h2txyewy\InputApp\Assets\KbdFunctionModernUX.wav",".wav","1318","2026-05-27T17:12:32.569Z"
"C:\","2026-10-08T20:48:23.337Z","Windows\SystemApps\SxS\MicrosoftWindows.61869836.InpApp_cw5n1h2txyewy\InputApp\Assets\KbdKeyTap.wav","KbdKeyTap.wav","KbdKeyTap","C:\Windows\SystemApps\SxS\MicrosoftWindows.61869836.InpApp_cw5n1h2txyewy\InputApp\Assets\KbdKeyTap.wav",".wav","2976","2026-05-27T17:12:32.571Z"
"C:\","2026-10-08T20:48:23.337Z","Windows\SystemApps\SxS\MicrosoftWindows.61869836.InpApp_cw5n1h2txyewy\InputApp\Assets\KbdKeyTapModernUX.wav","KbdKeyTapModernUX.wav","KbdKeyTapModernUX","C:\Windows\SystemApps\SxS\MicrosoftWindows.61869836.InpApp_cw5n1h2txyewy\InputApp\Assets\KbdKeyTapModernUX.wav",".wav","1776","2026-05-27T17:12:32.577Z"
"C:\","2026-10-08T20:48:23.337Z","Windows\SystemApps\SxS\MicrosoftWindows.61869836.InpApp_cw5n1h2txyewy\InputApp\Assets\KbdSpacebar.wav","KbdSpacebar.wav","KbdSpacebar","C:\Windows\SystemApps\SxS\MicrosoftWindows.61869836.InpApp_cw5n1h2txyewy\InputApp\Assets\KbdSpacebar.wav",".wav","2358","2026-05-27T17:12:32.581Z"
"C:\","2026-10-08T20:48:23.337Z","Windows\SystemApps\SxS\MicrosoftWindows.61869836.InpApp_cw5n1h2txyewy\InputApp\Assets\KbdSpaceBarModernUX.wav","KbdSpaceBarModernUX.wav","KbdSpaceBarModernUX","C:\Windows\SystemApps\SxS\MicrosoftWindows.61869836.InpApp_cw5n1h2txyewy\InputApp\Assets\KbdSpaceBarModernUX.wav",".wav","1184","2026-05-27T17:12:32.585Z"
"C:\","2026-10-08T20:48:23.337Z","Windows\SystemApps\SxS\MicrosoftWindows.61869836.InpApp_cw5n1h2txyewy\InputApp\Assets\KbdSwipeGesture.wav","KbdSwipeGesture.wav","KbdSwipeGesture","C:\Windows\SystemApps\SxS\MicrosoftWindows.61869836.InpApp_cw5n1h2txyewy\InputApp\Assets\KbdSwipeGesture.wav",".wav","11652","2026-05-27T17:12:32.585Z"
"C:\","2026-10-08T20:48:23.337Z","Windows\SystemResources\Windows.UI.SettingsAppThreshold\SystemSettings\Assets\EdrCalibration.mkv","EdrCalibration.mkv","EdrCalibration","C:\Windows\SystemResources\Windows.UI.SettingsAppThreshold\SystemSettings\Assets\EdrCalibration.mkv",".mkv","897810","2024-04-01T07:22:53.248Z"
"C:\","2026-10-08T20:48:23.337Z","Windows\SystemResources\Windows.UI.SettingsAppThreshold\SystemSettings\Assets\HDRSample.mkv","HDRSample.mkv","HDRSample","C:\Windows\SystemResources\Windows.UI.SettingsAppThreshold\SystemSettings\Assets\HDRSample.mkv",".mkv","1764666","2024-04-01T07:22:53.263Z"
"C:\","2026-10-08T20:48:23.337Z","Windows\SystemResources\Windows.UI.SettingsAppThreshold\SystemSettings\Assets\SDRSample.mkv","SDRSample.mkv","SDRSample","C:\Windows\SystemResources\Windows.UI.SettingsAppThreshold\SystemSettings\Assets\SDRSample.mkv",".mkv","1813418","2024-04-01T07:22:53.216Z"
"C:\","2026-10-08T20:48:23.337Z","Windows\WinSxS\amd64_microsoft-windows-c..st.appxmain.desktop_31bf3856ad364e35_10.0.26100.1591_none_24d501a973fa7371\oobe-intro.mp4","oobe-intro.mp4","oobe-intro","C:\Windows\WinSxS\amd64_microsoft-windows-c..st.appxmain.desktop_31bf3856ad364e35_10.0.26100.1591_none_24d501a973fa7371\oobe-intro.mp4",".mp4","593061","2024-04-01T07:22:50.169Z"
"C:\","2026-10-08T20:48:23.337Z","Windows\WinSxS\amd64_microsoft-windows-c..st.appxmain.desktop_31bf3856ad364e35_10.0.26100.9278_none_24f2e09173e4898f\oobe-intro.mp4","oobe-intro.mp4","oobe-intro","C:\Windows\WinSxS\amd64_microsoft-windows-c..st.appxmain.desktop_31bf3856ad364e35_10.0.26100.9278_none_24f2e09173e4898f\oobe-intro.mp4",".mp4","593061","2024-04-01T07:22:50.169Z"
"C:\","2026-10-08T20:48:23.337Z","Windows\WinSxS\amd64_microsoft-windows-c..st.appxmain.desktop_31bf3856ad364e35_10.0.26100.9549_none_24cf592773ffaafe\oobe-intro.mp4","oobe-intro.mp4","oobe-intro","C:\Windows\WinSxS\amd64_microsoft-windows-c..st.appxmain.desktop_31bf3856ad364e35_10.0.26100.9549_none_24cf592773ffaafe\oobe-intro.mp4",".mp4","593061","2024-04-01T07:22:50.169Z"
"C:\","2026-10-08T20:48:23.337Z","Windows\WinSxS\amd64_microsoft-windows-i..ntrolpanel.appxmain_31bf3856ad364e35_10.0.26100.9278_none_b69be47746f8afda\Aria.mp3","Aria.mp3","Aria","C:\Windows\WinSxS\amd64_microsoft-windows-i..ntrolpanel.appxmain_31bf3856ad364e35_10.0.26100.9278_none_b69be47746f8afda\Aria.mp3",".mp3","119225","2024-04-01T07:22:53.310Z"
"C:\","2026-10-08T20:48:23.337Z","Windows\WinSxS\amd64_microsoft-windows-i..ntrolpanel.appxmain_31bf3856ad364e35_10.0.26100.9278_none_b69be47746f8afda\EdrCalibration.mkv","EdrCalibration.mkv","EdrCalibration","C:\Windows\WinSxS\amd64_microsoft-windows-i..ntrolpanel.appxmain_31bf3856ad364e35_10.0.26100.9278_none_b69be47746f8afda\EdrCalibration.mkv",".mkv","897810","2024-04-01T07:22:53.248Z"
"C:\","2026-10-08T20:48:23.337Z","Windows\WinSxS\amd64_microsoft-windows-i..ntrolpanel.appxmain_31bf3856ad364e35_10.0.26100.9278_none_b69be47746f8afda\Guy.mp3","Guy.mp3","Guy","C:\Windows\WinSxS\amd64_microsoft-windows-i..ntrolpanel.appxmain_31bf3856ad364e35_10.0.26100.9278_none_b69be47746f8afda\Guy.mp3",".mp3","108985","2024-04-01T07:22:53.326Z"
"C:\","2026-10-08T20:48:23.337Z","Windows\WinSxS\amd64_microsoft-windows-i..ntrolpanel.appxmain_31bf3856ad364e35_10.0.26100.9278_none_b69be47746f8afda\HDRSample.mkv","HDRSample.mkv","HDRSample","C:\Windows\WinSxS\amd64_microsoft-windows-i..ntrolpanel.appxmain_31bf3856ad364e35_10.0.26100.9278_none_b69be47746f8afda\HDRSample.mkv",".mkv","1764666","2024-04-01T07:22:53.263Z"
"C:\","2026-10-08T20:48:23.337Z","Windows\WinSxS\amd64_microsoft-windows-i..ntrolpanel.appxmain_31bf3856ad364e35_10.0.26100.9278_none_b69be47746f8afda\Jenny.mp3","Jenny.mp3","Jenny","C:\Windows\WinSxS\amd64_microsoft-windows-i..ntrolpanel.appxmain_31bf3856ad364e35_10.0.26100.9278_none_b69be47746f8afda\Jenny.mp3",".mp3","106268","2024-04-01T07:22:53.326Z"
"C:\","2026-10-08T20:48:23.337Z","Windows\WinSxS\amd64_microsoft-windows-i..ntrolpanel.appxmain_31bf3856ad364e35_10.0.26100.9278_none_b69be47746f8afda\SDRSample.mkv","SDRSample.mkv","SDRSample","C:\Windows\WinSxS\amd64_microsoft-windows-i..ntrolpanel.appxmain_31bf3856ad364e35_10.0.26100.9278_none_b69be47746f8afda\SDRSample.mkv",".mkv","1813418","2024-04-01T07:22:53.216Z"
"C:\","2026-10-08T20:48:23.337Z","Windows\WinSxS\amd64_microsoft-windows-i..ntrolpanel.appxmain_31bf3856ad364e35_10.0.26100.9278_none_b69be47746f8afda\SDRSampleAccessibility.mkv","SDRSampleAccessibility.mkv","SDRSampleAccessibility","C:\Windows\WinSxS\amd64_microsoft-windows-i..ntrolpanel.appxmain_31bf3856ad364e35_10.0.26100.9278_none_b69be47746f8afda\SDRSampleAccessibility.mkv",".mkv","1813418","2024-04-01T07:22:53.294Z"
"C:\","2026-10-08T20:48:23.337Z","Windows\WinSxS\amd64_microsoft-windows-i..ntrolpanel.appxmain_31bf3856ad364e35_10.0.26100.9549_none_b6785d0d4713d149\Aria.mp3","Aria.mp3","Aria","C:\Windows\WinSxS\amd64_microsoft-windows-i..ntrolpanel.appxmain_31bf3856ad364e35_10.0.26100.9549_none_b6785d0d4713d149\Aria.mp3",".mp3","119225","2024-04-01T07:22:53.310Z"
"C:\","2026-10-08T20:48:23.337Z","Windows\WinSxS\amd64_microsoft-windows-i..ntrolpanel.appxmain_31bf3856ad364e35_10.0.26100.9549_none_b6785d0d4713d149\EdrCalibration.mkv","EdrCalibration.mkv","EdrCalibration","C:\Windows\WinSxS\amd64_microsoft-windows-i..ntrolpanel.appxmain_31bf3856ad364e35_10.0.26100.9549_none_b6785d0d4713d149\EdrCalibration.mkv",".mkv","897810","2024-04-01T07:22:53.248Z"
"C:\","2026-10-08T20:48:23.337Z","Windows\WinSxS\amd64_microsoft-windows-i..ntrolpanel.appxmain_31bf3856ad364e35_10.0.26100.9549_none_b6785d0d4713d149\Guy.mp3","Guy.mp3","Guy","C:\Windows\WinSxS\amd64_microsoft-windows-i..ntrolpanel.appxmain_31bf3856ad364e35_10.0.26100.9549_none_b6785d0d4713d149\Guy.mp3",".mp3","108985","2024-04-01T07:22:53.326Z"
"C:\","2026-10-08T20:48:23.337Z","Windows\WinSxS\amd64_microsoft-windows-i..ntrolpanel.appxmain_31bf3856ad364e35_10.0.26100.9549_none_b6785d0d4713d149\HDRSample.mkv","HDRSample.mkv","HDRSample","C:\Windows\WinSxS\amd64_microsoft-windows-i..ntrolpanel.appxmain_31bf3856ad364e35_10.0.26100.9549_none_b6785d0d4713d149\HDRSample.mkv",".mkv","1764666","2024-04-01T07:22:53.263Z"
"C:\","2026-10-08T20:48:23.337Z","Windows\WinSxS\amd64_microsoft-windows-i..ntrolpanel.appxmain_31bf3856ad364e35_10.0.26100.9549_none_b6785d0d4713d149\Jenny.mp3","Jenny.mp3","Jenny","C:\Windows\WinSxS\amd64_microsoft-windows-i..ntrolpanel.appxmain_31bf3856ad364e35_10.0.26100.9549_none_b6785d0d4713d149\Jenny.mp3",".mp3","106268","2024-04-01T07:22:53.326Z"
"C:\","2026-10-08T20:48:23.337Z","Windows\WinSxS\amd64_microsoft-windows-i..ntrolpanel.appxmain_31bf3856ad364e35_10.0.26100.9549_none_b6785d0d4713d149\SDRSample.mkv","SDRSample.mkv","SDRSample","C:\Windows\WinSxS\amd64_microsoft-windows-i..ntrolpanel.appxmain_31bf3856ad364e35_10.0.26100.9549_none_b6785d0d4713d149\SDRSample.mkv",".mkv","1813418","2024-04-01T07:22:53.216Z"
"C:\","2026-10-08T20:48:23.337Z","Windows\WinSxS\amd64_microsoft-windows-i..ntrolpanel.appxmain_31bf3856ad364e35_10.0.26100.9549_none_b6785d0d4713d149\SDRSampleAccessibility.mkv","SDRSampleAccessibility.mkv","SDRSampleAccessibility","C:\Windows\WinSxS\amd64_microsoft-windows-i..ntrolpanel.appxmain_31bf3856ad364e35_10.0.26100.9549_none_b6785d0d4713d149\SDRSampleAccessibility.mkv",".mkv","1813418","2024-04-01T07:22:53.294Z"
"C:\","2026-10-08T20:48:23.337Z","Windows\WinSxS\amd64_microsoft-windows-ie-internetexplorer_31bf3856ad364e35_11.0.26100.1150_none_0f016472f35d0135\Windows Feed Discovered.wav","Windows Feed Discovered.wav","Windows Feed Discovered","C:\Windows\WinSxS\amd64_microsoft-windows-ie-internetexplorer_31bf3856ad364e35_11.0.26100.1150_none_0f016472f35d0135\Windows Feed Discovered.wav",".wav","19884","2024-04-01T07:22:40.185Z"
"C:\","2026-10-08T20:48:23.337Z","Windows\WinSxS\amd64_microsoft-windows-ie-internetexplorer_31bf3856ad364e35_11.0.26100.1150_none_0f016472f35d0135\Windows Information Bar.wav","Windows Information Bar.wav","Windows Information Bar","C:\Windows\WinSxS\amd64_microsoft-windows-ie-internetexplorer_31bf3856ad364e35_11.0.26100.1150_none_0f016472f35d0135\Windows Information Bar.wav",".wav","23308","2024-04-01T07:22:35.232Z"
"C:\","2026-10-08T20:48:23.337Z","Windows\WinSxS\amd64_microsoft-windows-ie-internetexplorer_31bf3856ad364e35_11.0.26100.1150_none_0f016472f35d0135\Windows Navigation Start.wav","Windows Navigation Start.wav","Windows Navigation Start","C:\Windows\WinSxS\amd64_microsoft-windows-ie-internetexplorer_31bf3856ad364e35_11.0.26100.1150_none_0f016472f35d0135\Windows Navigation Start.wav",".wav","11340","2024-04-01T07:22:42.529Z"
"C:\","2026-10-08T20:48:23.337Z","Windows\WinSxS\amd64_microsoft-windows-ie-internetexplorer_31bf3856ad364e35_11.0.26100.1150_none_0f016472f35d0135\Windows Pop-up Blocked.wav","Windows Pop-up Blocked.wav","Windows Pop-up Blocked","C:\Windows\WinSxS\amd64_microsoft-windows-ie-internetexplorer_31bf3856ad364e35_11.0.26100.1150_none_0f016472f35d0135\Windows Pop-up Blocked.wav",".wav","85548","2024-04-01T07:22:17.388Z"
"C:\","2026-10-08T20:48:23.337Z","Windows\WinSxS\amd64_microsoft-windows-ie-internetexplorer_31bf3856ad364e35_11.0.26100.8115_none_0efcfeacf361080f\Windows Feed Discovered.wav","Windows Feed Discovered.wav","Windows Feed Discovered","C:\Windows\WinSxS\amd64_microsoft-windows-ie-internetexplorer_31bf3856ad364e35_11.0.26100.8115_none_0efcfeacf361080f\Windows Feed Discovered.wav",".wav","19884","2024-04-01T07:22:40.185Z"
"C:\","2026-10-08T20:48:23.337Z","Windows\WinSxS\amd64_microsoft-windows-ie-internetexplorer_31bf3856ad364e35_11.0.26100.8115_none_0efcfeacf361080f\Windows Information Bar.wav","Windows Information Bar.wav","Windows Information Bar","C:\Windows\WinSxS\amd64_microsoft-windows-ie-internetexplorer_31bf3856ad364e35_11.0.26100.8115_none_0efcfeacf361080f\Windows Information Bar.wav",".wav","23308","2024-04-01T07:22:35.232Z"
"C:\","2026-10-08T20:48:23.337Z","Windows\WinSxS\amd64_microsoft-windows-ie-internetexplorer_31bf3856ad364e35_11.0.26100.8115_none_0efcfeacf361080f\Windows Navigation Start.wav","Windows Navigation Start.wav","Windows Navigation Start","C:\Windows\WinSxS\amd64_microsoft-windows-ie-internetexplorer_31bf3856ad364e35_11.0.26100.8115_none_0efcfeacf361080f\Windows Navigation Start.wav",".wav","11340","2024-04-01T07:22:42.529Z"
"C:\","2026-10-08T20:48:23.337Z","Windows\WinSxS\amd64_microsoft-windows-ie-internetexplorer_31bf3856ad364e35_11.0.26100.8115_none_0efcfeacf361080f\Windows Pop-up Blocked.wav","Windows Pop-up Blocked.wav","Windows Pop-up Blocked","C:\Windows\WinSxS\amd64_microsoft-windows-ie-internetexplorer_31bf3856ad364e35_11.0.26100.8115_none_0efcfeacf361080f\Windows Pop-up Blocked.wav",".wav","85548","2024-04-01T07:22:17.388Z"
"C:\","2026-10-08T20:48:23.337Z","Windows\WinSxS\amd64_microsoft-windows-shell-sounds_31bf3856ad364e35_10.0.26100.1_none_140624931e1631ac\Alarm01.wav","Alarm01.wav","Alarm01","C:\Windows\WinSxS\amd64_microsoft-windows-shell-sounds_31bf3856ad364e35_10.0.26100.1_none_140624931e1631ac\Alarm01.wav",".wav","491516","2024-04-01T07:22:50.857Z"
"C:\","2026-10-08T20:48:23.337Z","Windows\WinSxS\amd64_microsoft-windows-shell-sounds_31bf3856ad364e35_10.0.26100.1_none_140624931e1631ac\Alarm02.wav","Alarm02.wav","Alarm02","C:\Windows\WinSxS\amd64_microsoft-windows-shell-sounds_31bf3856ad364e35_10.0.26100.1_none_140624931e1631ac\Alarm02.wav",".wav","331108","2024-04-01T07:22:50.966Z"
"C:\","2026-10-08T20:48:23.337Z","Windows\WinSxS\amd64_microsoft-windows-shell-sounds_31bf3856ad364e35_10.0.26100.1_none_140624931e1631ac\Alarm03.wav","Alarm03.wav","Alarm03","C:\Windows\WinSxS\amd64_microsoft-windows-shell-sounds_31bf3856ad364e35_10.0.26100.1_none_140624931e1631ac\Alarm03.wav",".wav","355588","2024-04-01T07:22:51.107Z"
"C:\","2026-10-08T20:48:23.337Z","Windows\WinSxS\amd64_microsoft-windows-shell-sounds_31bf3856ad364e35_10.0.26100.1_none_140624931e1631ac\Alarm04.wav","Alarm04.wav","Alarm04","C:\Windows\WinSxS\amd64_microsoft-windows-shell-sounds_31bf3856ad364e35_10.0.26100.1_none_140624931e1631ac\Alarm04.wav",".wav","409152","2024-04-01T07:22:51.185Z"
"C:\","2026-10-08T20:48:23.337Z","Windows\WinSxS\amd64_microsoft-windows-shell-sounds_31bf3856ad364e35_10.0.26100.1_none_140624931e1631ac\Alarm05.wav","Alarm05.wav","Alarm05","C:\Windows\WinSxS\amd64_microsoft-windows-shell-sounds_31bf3856ad364e35_10.0.26100.1_none_140624931e1631ac\Alarm05.wav",".wav","728396","2024-04-01T07:22:51.263Z"
"C:\","2026-10-08T20:48:23.337Z","Windows\WinSxS\amd64_microsoft-windows-shell-sounds_31bf3856ad364e35_10.0.26100.1_none_140624931e1631ac\Alarm06.wav","Alarm06.wav","Alarm06","C:\Windows\WinSxS\amd64_microsoft-windows-shell-sounds_31bf3856ad364e35_10.0.26100.1_none_140624931e1631ac\Alarm06.wav",".wav","600252","2024-04-01T07:22:51.326Z"
"C:\","2026-10-08T20:48:23.337Z","Windows\WinSxS\amd64_microsoft-windows-shell-sounds_31bf3856ad364e35_10.0.26100.1_none_140624931e1631ac\Alarm07.wav","Alarm07.wav","Alarm07","C:\Windows\WinSxS\amd64_microsoft-windows-shell-sounds_31bf3856ad364e35_10.0.26100.1_none_140624931e1631ac\Alarm07.wav",".wav","560944","2024-04-01T07:22:51.372Z"
"C:\","2026-10-08T20:48:23.337Z","Windows\WinSxS\amd64_microsoft-windows-shell-sounds_31bf3856ad364e35_10.0.26100.1_none_140624931e1631ac\Alarm08.wav","Alarm08.wav","Alarm08","C:\Windows\WinSxS\amd64_microsoft-windows-shell-sounds_31bf3856ad364e35_10.0.26100.1_none_140624931e1631ac\Alarm08.wav",".wav","505788","2024-04-01T07:22:51.404Z"
"C:\","2026-10-08T20:48:23.337Z","Windows\WinSxS\amd64_microsoft-windows-shell-sounds_31bf3856ad364e35_10.0.26100.1_none_140624931e1631ac\Alarm09.wav","Alarm09.wav","Alarm09","C:\Windows\WinSxS\amd64_microsoft-windows-shell-sounds_31bf3856ad364e35_10.0.26100.1_none_140624931e1631ac\Alarm09.wav",".wav","483904","2024-04-01T07:22:51.451Z"
"C:\","2026-10-08T20:48:23.337Z","Windows\WinSxS\amd64_microsoft-windows-shell-sounds_31bf3856ad364e35_10.0.26100.1_none_140624931e1631ac\Alarm10.wav","Alarm10.wav","Alarm10","C:\Windows\WinSxS\amd64_microsoft-windows-shell-sounds_31bf3856ad364e35_10.0.26100.1_none_140624931e1631ac\Alarm10.wav",".wav","335564","2024-04-01T07:22:51.497Z"
"C:\","2026-10-08T20:48:23.337Z","Windows\WinSxS\amd64_microsoft-windows-shell-sounds_31bf3856ad364e35_10.0.26100.1_none_140624931e1631ac\chimes.wav","chimes.wav","chimes","C:\Windows\WinSxS\amd64_microsoft-windows-shell-sounds_31bf3856ad364e35_10.0.26100.1_none_140624931e1631ac\chimes.wav",".wav","216364","2024-04-01T07:22:43.310Z"
"C:\","2026-10-08T20:48:23.337Z","Windows\WinSxS\amd64_microsoft-windows-shell-sounds_31bf3856ad364e35_10.0.26100.1_none_140624931e1631ac\chord.wav","chord.wav","chord","C:\Windows\WinSxS\amd64_microsoft-windows-shell-sounds_31bf3856ad364e35_10.0.26100.1_none_140624931e1631ac\chord.wav",".wav","113964","2024-04-01T07:22:44.466Z"
"C:\","2026-10-08T20:48:23.337Z","Windows\WinSxS\amd64_microsoft-windows-shell-sounds_31bf3856ad364e35_10.0.26100.1_none_140624931e1631ac\ding.wav","ding.wav","ding","C:\Windows\WinSxS\amd64_microsoft-windows-shell-sounds_31bf3856ad364e35_10.0.26100.1_none_140624931e1631ac\ding.wav",".wav","70060","2024-04-01T07:22:45.388Z"
"C:\","2026-10-08T20:48:23.337Z","Windows\WinSxS\amd64_microsoft-windows-shell-sounds_31bf3856ad364e35_10.0.26100.1_none_140624931e1631ac\flourish.mid","flourish.mid","flourish","C:\Windows\WinSxS\amd64_microsoft-windows-shell-sounds_31bf3856ad364e35_10.0.26100.1_none_140624931e1631ac\flourish.mid",".mid","24253","2024-04-01T07:22:30.138Z"
"C:\","2026-10-08T20:48:23.337Z","Windows\WinSxS\amd64_microsoft-windows-shell-sounds_31bf3856ad364e35_10.0.26100.1_none_140624931e1631ac\notify.wav","notify.wav","notify","C:\Windows\WinSxS\amd64_microsoft-windows-shell-sounds_31bf3856ad364e35_10.0.26100.1_none_140624931e1631ac\notify.wav",".wav","228396","2024-04-01T07:22:45.810Z"
"C:\","2026-10-08T20:48:23.337Z","Windows\WinSxS\amd64_microsoft-windows-shell-sounds_31bf3856ad364e35_10.0.26100.1_none_140624931e1631ac\onestop.mid","onestop.mid","onestop","C:\Windows\WinSxS\amd64_microsoft-windows-shell-sounds_31bf3856ad364e35_10.0.26100.1_none_140624931e1631ac\onestop.mid",".mid","40075","2024-04-01T07:22:39.076Z"
"C:\","2026-10-08T20:48:23.337Z","Windows\WinSxS\amd64_microsoft-windows-shell-sounds_31bf3856ad364e35_10.0.26100.1_none_140624931e1631ac\recycle.wav","recycle.wav","recycle","C:\Windows\WinSxS\amd64_microsoft-windows-shell-sounds_31bf3856ad364e35_10.0.26100.1_none_140624931e1631ac\recycle.wav",".wav","111788","2024-04-01T07:22:46.154Z"
"C:\","2026-10-08T20:48:23.337Z","Windows\WinSxS\amd64_microsoft-windows-shell-sounds_31bf3856ad364e35_10.0.26100.1_none_140624931e1631ac\Ring01.wav","Ring01.wav","Ring01","C:\Windows\WinSxS\amd64_microsoft-windows-shell-sounds_31bf3856ad364e35_10.0.26100.1_none_140624931e1631ac\Ring01.wav",".wav","498420","2024-04-01T07:22:51.544Z"
"C:\","2026-10-08T20:48:23.337Z","Windows\WinSxS\amd64_microsoft-windows-shell-sounds_31bf3856ad364e35_10.0.26100.1_none_140624931e1631ac\Ring02.wav","Ring02.wav","Ring02","C:\Windows\WinSxS\amd64_microsoft-windows-shell-sounds_31bf3856ad364e35_10.0.26100.1_none_140624931e1631ac\Ring02.wav",".wav","314468","2024-04-01T07:22:51.576Z"
"C:\","2026-10-08T20:48:23.337Z","Windows\WinSxS\amd64_microsoft-windows-shell-sounds_31bf3856ad364e35_10.0.26100.1_none_140624931e1631ac\Ring03.wav","Ring03.wav","Ring03","C:\Windows\WinSxS\amd64_microsoft-windows-shell-sounds_31bf3856ad364e35_10.0.26100.1_none_140624931e1631ac\Ring03.wav",".wav","826944","2024-04-01T07:22:51.623Z"
"C:\","2026-10-08T20:48:23.337Z","Windows\WinSxS\amd64_microsoft-windows-shell-sounds_31bf3856ad364e35_10.0.26100.1_none_140624931e1631ac\Ring04.wav","Ring04.wav","Ring04","C:\Windows\WinSxS\amd64_microsoft-windows-shell-sounds_31bf3856ad364e35_10.0.26100.1_none_140624931e1631ac\Ring04.wav",".wav","698740","2024-04-01T07:22:51.654Z"
"C:\","2026-10-08T20:48:23.337Z","Windows\WinSxS\amd64_microsoft-windows-shell-sounds_31bf3856ad364e35_10.0.26100.1_none_140624931e1631ac\Ring05.wav","Ring05.wav","Ring05","C:\Windows\WinSxS\amd64_microsoft-windows-shell-sounds_31bf3856ad364e35_10.0.26100.1_none_140624931e1631ac\Ring05.wav",".wav","1132740","2024-04-01T07:22:51.685Z"
"C:\","2026-10-08T20:48:23.337Z","Windows\WinSxS\amd64_microsoft-windows-shell-sounds_31bf3856ad364e35_10.0.26100.1_none_140624931e1631ac\Ring06.wav","Ring06.wav","Ring06","C:\Windows\WinSxS\amd64_microsoft-windows-shell-sounds_31bf3856ad364e35_10.0.26100.1_none_140624931e1631ac\Ring06.wav",".wav","305876","2024-04-01T07:22:51.732Z"
"C:\","2026-10-08T20:48:23.337Z","Windows\WinSxS\amd64_microsoft-windows-shell-sounds_31bf3856ad364e35_10.0.26100.1_none_140624931e1631ac\Ring07.wav","Ring07.wav","Ring07","C:\Windows\WinSxS\amd64_microsoft-windows-shell-sounds_31bf3856ad364e35_10.0.26100.1_none_140624931e1631ac\Ring07.wav",".wav","493948","2024-04-01T07:22:51.763Z"
"C:\","2026-10-08T20:48:23.337Z","Windows\WinSxS\amd64_microsoft-windows-shell-sounds_31bf3856ad364e35_10.0.26100.1_none_140624931e1631ac\Ring08.wav","Ring08.wav","Ring08","C:\Windows\WinSxS\amd64_microsoft-windows-shell-sounds_31bf3856ad364e35_10.0.26100.1_none_140624931e1631ac\Ring08.wav",".wav","995772","2024-04-01T07:22:51.794Z"
"C:\","2026-10-08T20:48:23.337Z","Windows\WinSxS\amd64_microsoft-windows-shell-sounds_31bf3856ad364e35_10.0.26100.1_none_140624931e1631ac\Ring09.wav","Ring09.wav","Ring09","C:\Windows\WinSxS\amd64_microsoft-windows-shell-sounds_31bf3856ad364e35_10.0.26100.1_none_140624931e1631ac\Ring09.wav",".wav","869328","2024-04-01T07:22:51.826Z"
"C:\","2026-10-08T20:48:23.337Z","Windows\WinSxS\amd64_microsoft-windows-shell-sounds_31bf3856ad364e35_10.0.26100.1_none_140624931e1631ac\Ring10.wav","Ring10.wav","Ring10","C:\Windows\WinSxS\amd64_microsoft-windows-shell-sounds_31bf3856ad364e35_10.0.26100.1_none_140624931e1631ac\Ring10.wav",".wav","701708","2024-04-01T07:22:51.857Z"
"C:\","2026-10-08T20:48:23.337Z","Windows\WinSxS\amd64_microsoft-windows-shell-sounds_31bf3856ad364e35_10.0.26100.1_none_140624931e1631ac\ringout.wav","ringout.wav","ringout","C:\Windows\WinSxS\amd64_microsoft-windows-shell-sounds_31bf3856ad364e35_10.0.26100.1_none_140624931e1631ac\ringout.wav",".wav","88236","2024-04-01T07:22:46.466Z"
"C:\","2026-10-08T20:48:23.337Z","Windows\WinSxS\amd64_microsoft-windows-shell-sounds_31bf3856ad364e35_10.0.26100.1_none_140624931e1631ac\tada.wav","tada.wav","tada","C:\Windows\WinSxS\amd64_microsoft-windows-shell-sounds_31bf3856ad364e35_10.0.26100.1_none_140624931e1631ac\tada.wav",".wav","285228","2024-04-01T07:22:46.763Z"
"C:\","2026-10-08T20:48:23.337Z","Windows\WinSxS\amd64_microsoft-windows-shell-sounds_31bf3856ad364e35_10.0.26100.1_none_140624931e1631ac\town.mid","town.mid","town","C:\Windows\WinSxS\amd64_microsoft-windows-shell-sounds_31bf3856ad364e35_10.0.26100.1_none_140624931e1631ac\town.mid",".mid","22097","2024-04-01T07:22:41.951Z"
"C:\","2026-10-08T20:48:23.337Z","Windows\WinSxS\amd64_microsoft-windows-shell-sounds_31bf3856ad364e35_10.0.26100.1_none_140624931e1631ac\Windows Background.wav","Windows Background.wav","Windows Background","C:\Windows\WinSxS\amd64_microsoft-windows-shell-sounds_31bf3856ad364e35_10.0.26100.1_none_140624931e1631ac\Windows Background.wav",".wav","247624","2024-04-01T07:22:51.951Z"
"C:\","2026-10-08T20:48:23.337Z","Windows\WinSxS\amd64_microsoft-windows-shell-sounds_31bf3856ad364e35_10.0.26100.1_none_140624931e1631ac\Windows Balloon.wav","Windows Balloon.wav","Windows Balloon","C:\Windows\WinSxS\amd64_microsoft-windows-shell-sounds_31bf3856ad364e35_10.0.26100.1_none_140624931e1631ac\Windows Balloon.wav",".wav","178220","2024-04-01T07:22:47.013Z"
"C:\","2026-10-08T20:48:23.337Z","Windows\WinSxS\amd64_microsoft-windows-shell-sounds_31bf3856ad364e35_10.0.26100.1_none_140624931e1631ac\Windows Battery Critical.wav","Windows Battery Critical.wav","Windows Battery Critical","C:\Windows\WinSxS\amd64_microsoft-windows-shell-sounds_31bf3856ad364e35_10.0.26100.1_none_140624931e1631ac\Windows Battery Critical.wav",".wav","214828","2024-04-01T07:22:47.247Z"
"C:\","2026-10-08T20:48:23.337Z","Windows\WinSxS\amd64_microsoft-windows-shell-sounds_31bf3856ad364e35_10.0.26100.1_none_140624931e1631ac\Windows Battery Low.wav","Windows Battery Low.wav","Windows Battery Low","C:\Windows\WinSxS\amd64_microsoft-windows-shell-sounds_31bf3856ad364e35_10.0.26100.1_none_140624931e1631ac\Windows Battery Low.wav",".wav","179500","2024-04-01T07:22:47.466Z"
"C:\","2026-10-08T20:48:23.337Z","Windows\WinSxS\amd64_microsoft-windows-shell-sounds_31bf3856ad364e35_10.0.26100.1_none_140624931e1631ac\Windows Critical Stop.wav","Windows Critical Stop.wav","Windows Critical Stop","C:\Windows\WinSxS\amd64_microsoft-windows-shell-sounds_31bf3856ad364e35_10.0.26100.1_none_140624931e1631ac\Windows Critical Stop.wav",".wav","159276","2024-04-01T07:22:47.654Z"
"C:\","2026-10-08T20:48:23.337Z","Windows\WinSxS\amd64_microsoft-windows-shell-sounds_31bf3856ad364e35_10.0.26100.1_none_140624931e1631ac\Windows Default.wav","Windows Default.wav","Windows Default","C:\Windows\WinSxS\amd64_microsoft-windows-shell-sounds_31bf3856ad364e35_10.0.26100.1_none_140624931e1631ac\Windows Default.wav",".wav","72620","2024-04-01T07:22:47.841Z"
"C:\","2026-10-08T20:48:23.337Z","Windows\WinSxS\amd64_microsoft-windows-shell-sounds_31bf3856ad364e35_10.0.26100.1_none_140624931e1631ac\Windows Ding.wav","Windows Ding.wav","Windows Ding","C:\Windows\WinSxS\amd64_microsoft-windows-shell-sounds_31bf3856ad364e35_10.0.26100.1_none_140624931e1631ac\Windows Ding.wav",".wav","191788","2024-04-01T07:22:48.029Z"
"C:\","2026-10-08T20:48:23.337Z","Windows\WinSxS\amd64_microsoft-windows-shell-sounds_31bf3856ad364e35_10.0.26100.1_none_140624931e1631ac\Windows Error.wav","Windows Error.wav","Windows Error","C:\Windows\WinSxS\amd64_microsoft-windows-shell-sounds_31bf3856ad364e35_10.0.26100.1_none_140624931e1631ac\Windows Error.wav",".wav","171564","2024-04-01T07:22:48.341Z"
"C:\","2026-10-08T20:48:23.337Z","Windows\WinSxS\amd64_microsoft-windows-shell-sounds_31bf3856ad364e35_10.0.26100.1_none_140624931e1631ac\Windows Exclamation.wav","Windows Exclamation.wav","Windows Exclamation","C:\Windows\WinSxS\amd64_microsoft-windows-shell-sounds_31bf3856ad364e35_10.0.26100.1_none_140624931e1631ac\Windows Exclamation.wav",".wav","240284","2024-04-01T07:22:48.482Z"
"C:\","2026-10-08T20:48:23.337Z","Windows\WinSxS\amd64_microsoft-windows-shell-sounds_31bf3856ad364e35_10.0.26100.1_none_140624931e1631ac\Windows Foreground.wav","Windows Foreground.wav","Windows Foreground","C:\Windows\WinSxS\amd64_microsoft-windows-shell-sounds_31bf3856ad364e35_10.0.26100.1_none_140624931e1631ac\Windows Foreground.wav",".wav","405040","2024-04-01T07:22:51.982Z"
"C:\","2026-10-08T20:48:23.337Z","Windows\WinSxS\amd64_microsoft-windows-shell-sounds_31bf3856ad364e35_10.0.26100.1_none_140624931e1631ac\Windows Hardware Fail.wav","Windows Hardware Fail.wav","Windows Hardware Fail","C:\Windows\WinSxS\amd64_microsoft-windows-shell-sounds_31bf3856ad364e35_10.0.26100.1_none_140624931e1631ac\Windows Hardware Fail.wav",".wav","128720","2024-04-01T07:22:52.013Z"
"C:\","2026-10-08T20:48:23.337Z","Windows\WinSxS\amd64_microsoft-windows-shell-sounds_31bf3856ad364e35_10.0.26100.1_none_140624931e1631ac\Windows Hardware Insert.wav","Windows Hardware Insert.wav","Windows Hardware Insert","C:\Windows\WinSxS\amd64_microsoft-windows-shell-sounds_31bf3856ad364e35_10.0.26100.1_none_140624931e1631ac\Windows Hardware Insert.wav",".wav","125220","2024-04-01T07:22:52.029Z"
"C:\","2026-10-08T20:48:23.337Z","Windows\WinSxS\amd64_microsoft-windows-shell-sounds_31bf3856ad364e35_10.0.26100.1_none_140624931e1631ac\Windows Hardware Remove.wav","Windows Hardware Remove.wav","Windows Hardware Remove","C:\Windows\WinSxS\amd64_microsoft-windows-shell-sounds_31bf3856ad364e35_10.0.26100.1_none_140624931e1631ac\Windows Hardware Remove.wav",".wav","161580","2024-04-01T07:22:52.044Z"
"C:\","2026-10-08T20:48:23.337Z","Windows\WinSxS\amd64_microsoft-windows-shell-sounds_31bf3856ad364e35_10.0.26100.1_none_140624931e1631ac\Windows Logoff Sound.wav","Windows Logoff Sound.wav","Windows Logoff Sound","C:\Windows\WinSxS\amd64_microsoft-windows-shell-sounds_31bf3856ad364e35_10.0.26100.1_none_140624931e1631ac\Windows Logoff Sound.wav",".wav","190388","2024-04-01T07:22:48.607Z"
"C:\","2026-10-08T20:48:23.337Z","Windows\WinSxS\amd64_microsoft-windows-shell-sounds_31bf3856ad364e35_10.0.26100.1_none_140624931e1631ac\Windows Logon.wav","Windows Logon.wav","Windows Logon","C:\Windows\WinSxS\amd64_microsoft-windows-shell-sounds_31bf3856ad364e35_10.0.26100.1_none_140624931e1631ac\Windows Logon.wav",".wav","384496","2024-04-01T07:22:52.060Z"
"C:\","2026-10-08T20:48:23.337Z","Windows\WinSxS\amd64_microsoft-windows-shell-sounds_31bf3856ad364e35_10.0.26100.1_none_140624931e1631ac\Windows Menu Command.wav","Windows Menu Command.wav","Windows Menu Command","C:\Windows\WinSxS\amd64_microsoft-windows-shell-sounds_31bf3856ad364e35_10.0.26100.1_none_140624931e1631ac\Windows Menu Command.wav",".wav","26124","2024-04-01T07:22:48.888Z"
"C:\","2026-10-08T20:48:23.337Z","Windows\WinSxS\amd64_microsoft-windows-shell-sounds_31bf3856ad364e35_10.0.26100.1_none_140624931e1631ac\Windows Message Nudge.wav","Windows Message Nudge.wav","Windows Message Nudge","C:\Windows\WinSxS\amd64_microsoft-windows-shell-sounds_31bf3856ad364e35_10.0.26100.1_none_140624931e1631ac\Windows Message Nudge.wav",".wav","240140","2024-04-01T07:22:50.794Z"
"C:\","2026-10-08T20:48:23.337Z","Windows\WinSxS\amd64_microsoft-windows-shell-sounds_31bf3856ad364e35_10.0.26100.1_none_140624931e1631ac\Windows Minimize.wav","Windows Minimize.wav","Windows Minimize","C:\Windows\WinSxS\amd64_microsoft-windows-shell-sounds_31bf3856ad364e35_10.0.26100.1_none_140624931e1631ac\Windows Minimize.wav",".wav","129580","2024-04-01T07:22:49.185Z"
"C:\","2026-10-08T20:48:23.337Z","Windows\WinSxS\amd64_microsoft-windows-shell-sounds_31bf3856ad364e35_10.0.26100.1_none_140624931e1631ac\Windows Notify Calendar.wav","Windows Notify Calendar.wav","Windows Notify Calendar","C:\Windows\WinSxS\amd64_microsoft-windows-shell-sounds_31bf3856ad364e35_10.0.26100.1_none_140624931e1631ac\Windows Notify Calendar.wav",".wav","381956","2024-04-01T07:22:51.935Z"
"C:\","2026-10-08T20:48:23.337Z","Windows\WinSxS\amd64_microsoft-windows-shell-sounds_31bf3856ad364e35_10.0.26100.1_none_140624931e1631ac\Windows Notify Email.wav","Windows Notify Email.wav","Windows Notify Email","C:\Windows\WinSxS\amd64_microsoft-windows-shell-sounds_31bf3856ad364e35_10.0.26100.1_none_140624931e1631ac\Windows Notify Email.wav",".wav","376120","2024-04-01T07:22:51.904Z"
"C:\","2026-10-08T20:48:23.337Z","Windows\WinSxS\amd64_microsoft-windows-shell-sounds_31bf3856ad364e35_10.0.26100.1_none_140624931e1631ac\Windows Notify Messaging.wav","Windows Notify Messaging.wav","Windows Notify Messaging","C:\Windows\WinSxS\amd64_microsoft-windows-shell-sounds_31bf3856ad364e35_10.0.26100.1_none_140624931e1631ac\Windows Notify Messaging.wav",".wav","359412","2024-04-01T07:22:50.747Z"
"C:\","2026-10-08T20:48:23.337Z","Windows\WinSxS\amd64_microsoft-windows-shell-sounds_31bf3856ad364e35_10.0.26100.1_none_140624931e1631ac\Windows Notify System Generic.wav","Windows Notify System Generic.wav","Windows Notify System Generic","C:\Windows\WinSxS\amd64_microsoft-windows-shell-sounds_31bf3856ad364e35_10.0.26100.1_none_140624931e1631ac\Windows Notify System Generic.wav",".wav","248092","2024-04-01T07:22:50.685Z"
"C:\","2026-10-08T20:48:23.337Z","Windows\WinSxS\amd64_microsoft-windows-shell-sounds_31bf3856ad364e35_10.0.26100.1_none_140624931e1631ac\Windows Notify.wav","Windows Notify.wav","Windows Notify","C:\Windows\WinSxS\amd64_microsoft-windows-shell-sounds_31bf3856ad364e35_10.0.26100.1_none_140624931e1631ac\Windows Notify.wav",".wav","227372","2024-04-01T07:22:49.294Z"
"C:\","2026-10-08T20:48:23.337Z","Windows\WinSxS\amd64_microsoft-windows-shell-sounds_31bf3856ad364e35_10.0.26100.1_none_140624931e1631ac\Windows Print complete.wav","Windows Print complete.wav","Windows Print complete","C:\Windows\WinSxS\amd64_microsoft-windows-shell-sounds_31bf3856ad364e35_10.0.26100.1_none_140624931e1631ac\Windows Print complete.wav",".wav","353836","2024-04-01T07:22:49.482Z"
"C:\","2026-10-08T20:48:23.337Z","Windows\WinSxS\amd64_microsoft-windows-shell-sounds_31bf3856ad364e35_10.0.26100.1_none_140624931e1631ac\Windows Proximity Connection.wav","Windows Proximity Connection.wav","Windows Proximity Connection","C:\Windows\WinSxS\amd64_microsoft-windows-shell-sounds_31bf3856ad364e35_10.0.26100.1_none_140624931e1631ac\Windows Proximity Connection.wav",".wav","352060","2024-04-01T07:22:50.357Z"
"C:\","2026-10-08T20:48:23.337Z","Windows\WinSxS\amd64_microsoft-windows-shell-sounds_31bf3856ad364e35_10.0.26100.1_none_140624931e1631ac\Windows Proximity Notification.wav","Windows Proximity Notification.wav","Windows Proximity Notification","C:\Windows\WinSxS\amd64_microsoft-windows-shell-sounds_31bf3856ad364e35_10.0.26100.1_none_140624931e1631ac\Windows Proximity Notification.wav",".wav","143740","2024-04-01T07:22:50.622Z"
"C:\","2026-10-08T20:48:23.337Z","Windows\WinSxS\amd64_microsoft-windows-shell-sounds_31bf3856ad364e35_10.0.26100.1_none_140624931e1631ac\Windows Recycle.wav","Windows Recycle.wav","Windows Recycle","C:\Windows\WinSxS\amd64_microsoft-windows-shell-sounds_31bf3856ad364e35_10.0.26100.1_none_140624931e1631ac\Windows Recycle.wav",".wav","95404","2024-04-01T07:22:49.888Z"
"C:\","2026-10-08T20:48:23.337Z","Windows\WinSxS\amd64_microsoft-windows-shell-sounds_31bf3856ad364e35_10.0.26100.1_none_140624931e1631ac\Windows Restore.wav","Windows Restore.wav","Windows Restore","C:\Windows\WinSxS\amd64_microsoft-windows-shell-sounds_31bf3856ad364e35_10.0.26100.1_none_140624931e1631ac\Windows Restore.wav",".wav","154924","2024-04-01T07:22:49.982Z"
"C:\","2026-10-08T20:48:23.337Z","Windows\WinSxS\amd64_microsoft-windows-shell-sounds_31bf3856ad364e35_10.0.26100.1_none_140624931e1631ac\Windows Ringin.wav","Windows Ringin.wav","Windows Ringin","C:\Windows\WinSxS\amd64_microsoft-windows-shell-sounds_31bf3856ad364e35_10.0.26100.1_none_140624931e1631ac\Windows Ringin.wav",".wav","198956","2024-04-01T07:22:50.060Z"
"C:\","2026-10-08T20:48:23.337Z","Windows\WinSxS\amd64_microsoft-windows-shell-sounds_31bf3856ad364e35_10.0.26100.1_none_140624931e1631ac\Windows Ringout.wav","Windows Ringout.wav","Windows Ringout","C:\Windows\WinSxS\amd64_microsoft-windows-shell-sounds_31bf3856ad364e35_10.0.26100.1_none_140624931e1631ac\Windows Ringout.wav",".wav","22070","2024-04-01T07:22:50.138Z"
"C:\","2026-10-08T20:48:23.337Z","Windows\WinSxS\amd64_microsoft-windows-shell-sounds_31bf3856ad364e35_10.0.26100.1_none_140624931e1631ac\Windows Shutdown.wav","Windows Shutdown.wav","Windows Shutdown","C:\Windows\WinSxS\amd64_microsoft-windows-shell-sounds_31bf3856ad364e35_10.0.26100.1_none_140624931e1631ac\Windows Shutdown.wav",".wav","169444","2024-04-01T07:22:50.216Z"
"C:\","2026-10-08T20:48:23.337Z","Windows\WinSxS\amd64_microsoft-windows-shell-sounds_31bf3856ad364e35_10.0.26100.1_none_140624931e1631ac\Windows Startup.wav","Windows Startup.wav","Windows Startup","C:\Windows\WinSxS\amd64_microsoft-windows-shell-sounds_31bf3856ad364e35_10.0.26100.1_none_140624931e1631ac\Windows Startup.wav",".wav","38380","2024-04-01T07:22:50.294Z"
"C:\","2026-10-08T20:48:23.337Z","Windows\WinSxS\amd64_microsoft-windows-shell-sounds_31bf3856ad364e35_10.0.26100.1_none_140624931e1631ac\Windows Unlock.wav","Windows Unlock.wav","Windows Unlock","C:\Windows\WinSxS\amd64_microsoft-windows-shell-sounds_31bf3856ad364e35_10.0.26100.1_none_140624931e1631ac\Windows Unlock.wav",".wav","241708","2024-04-01T07:22:52.091Z"
"C:\","2026-10-08T20:48:23.337Z","Windows\WinSxS\amd64_microsoft-windows-shell-sounds_31bf3856ad364e35_10.0.26100.1_none_140624931e1631ac\Windows User Account Control.wav","Windows User Account Control.wav","Windows User Account Control","C:\Windows\WinSxS\amd64_microsoft-windows-shell-sounds_31bf3856ad364e35_10.0.26100.1_none_140624931e1631ac\Windows User Account Control.wav",".wav","405040","2024-04-01T07:22:52.107Z"
"C:\","2026-10-08T20:48:23.337Z","Windows\WinSxS\amd64_microsoft-windows-shell-sounds-dm_31bf3856ad364e35_10.0.26100.1_none_44fe47dedb306506\Windows Background.wav","Windows Background.wav","Windows Background","C:\Windows\WinSxS\amd64_microsoft-windows-shell-sounds-dm_31bf3856ad364e35_10.0.26100.1_none_44fe47dedb306506\Windows Background.wav",".wav","247668","2024-04-01T07:22:43.326Z"
"C:\","2026-10-08T20:48:23.337Z","Windows\WinSxS\amd64_microsoft-windows-shell-sounds-dm_31bf3856ad364e35_10.0.26100.1_none_44fe47dedb306506\Windows Foreground.wav","Windows Foreground.wav","Windows Foreground","C:\Windows\WinSxS\amd64_microsoft-windows-shell-sounds-dm_31bf3856ad364e35_10.0.26100.1_none_44fe47dedb306506\Windows Foreground.wav",".wav","405380","2024-04-01T07:22:44.482Z"
"C:\","2026-10-08T20:48:23.337Z","Windows\WinSxS\amd64_microsoft-windows-shell-sounds-dm_31bf3856ad364e35_10.0.26100.1_none_44fe47dedb306506\Windows Hardware Fail.wav","Windows Hardware Fail.wav","Windows Hardware Fail","C:\Windows\WinSxS\amd64_microsoft-windows-shell-sounds-dm_31bf3856ad364e35_10.0.26100.1_none_44fe47dedb306506\Windows Hardware Fail.wav",".wav","128968","2024-04-01T07:22:45.404Z"
"C:\","2026-10-08T20:48:23.337Z","Windows\WinSxS\amd64_microsoft-windows-shell-sounds-dm_31bf3856ad364e35_10.0.26100.1_none_44fe47dedb306506\Windows Hardware Insert.wav","Windows Hardware Insert.wav","Windows Hardware Insert","C:\Windows\WinSxS\amd64_microsoft-windows-shell-sounds-dm_31bf3856ad364e35_10.0.26100.1_none_44fe47dedb306506\Windows Hardware Insert.wav",".wav","125624","2024-04-01T07:22:45.826Z"
"C:\","2026-10-08T20:48:23.337Z","Windows\WinSxS\amd64_microsoft-windows-shell-sounds-dm_31bf3856ad364e35_10.0.26100.1_none_44fe47dedb306506\Windows Hardware Remove.wav","Windows Hardware Remove.wav","Windows Hardware Remove","C:\Windows\WinSxS\amd64_microsoft-windows-shell-sounds-dm_31bf3856ad364e35_10.0.26100.1_none_44fe47dedb306506\Windows Hardware Remove.wav",".wav","76584","2024-04-01T07:22:46.154Z"
"C:\","2026-10-08T20:48:23.337Z","Windows\WinSxS\amd64_microsoft-windows-shell-sounds-dm_31bf3856ad364e35_10.0.26100.1_none_44fe47dedb306506\Windows Notify Calendar.wav","Windows Notify Calendar.wav","Windows Notify Calendar","C:\Windows\WinSxS\amd64_microsoft-windows-shell-sounds-dm_31bf3856ad364e35_10.0.26100.1_none_44fe47dedb306506\Windows Notify Calendar.wav",".wav","381972","2024-04-01T07:22:41.951Z"
"C:\","2026-10-08T20:48:23.337Z","Windows\WinSxS\amd64_microsoft-windows-shell-sounds-dm_31bf3856ad364e35_10.0.26100.1_none_44fe47dedb306506\Windows Notify Email.wav","Windows Notify Email.wav","Windows Notify Email","C:\Windows\WinSxS\amd64_microsoft-windows-shell-sounds-dm_31bf3856ad364e35_10.0.26100.1_none_44fe47dedb306506\Windows Notify Email.wav",".wav","376400","2024-04-01T07:22:39.076Z"
"C:\","2026-10-08T20:48:23.337Z","Windows\WinSxS\amd64_microsoft-windows-shell-sounds-dm_31bf3856ad364e35_10.0.26100.1_none_44fe47dedb306506\Windows Notify Messaging.wav","Windows Notify Messaging.wav","Windows Notify Messaging","C:\Windows\WinSxS\amd64_microsoft-windows-shell-sounds-dm_31bf3856ad364e35_10.0.26100.1_none_44fe47dedb306506\Windows Notify Messaging.wav",".wav","359684","2024-04-01T07:22:30.138Z"
"C:\","2026-10-08T20:48:23.337Z","Windows\WinSxS\amd64_microsoft-windows-shell-sounds-dm_31bf3856ad364e35_10.0.26100.1_none_44fe47dedb306506\Windows Notify System Generic.wav","Windows Notify System Generic.wav","Windows Notify System Generic","C:\Windows\WinSxS\amd64_microsoft-windows-shell-sounds-dm_31bf3856ad364e35_10.0.26100.1_none_44fe47dedb306506\Windows Notify System Generic.wav",".wav","248228","2024-04-01T07:22:04.653Z"
"C:\","2026-10-08T20:48:23.337Z","Windows\WinSxS\amd64_microsoft-windows-shell-sounds-dm_31bf3856ad364e35_10.0.26100.1_none_44fe47dedb306506\Windows User Account Control.wav","Windows User Account Control.wav","Windows User Account Control","C:\Windows\WinSxS\amd64_microsoft-windows-shell-sounds-dm_31bf3856ad364e35_10.0.26100.1_none_44fe47dedb306506\Windows User Account Control.wav",".wav","405380","2024-04-01T07:22:46.482Z"
"C:\","2026-10-08T20:48:23.337Z","Windows\WinSxS\amd64_microsoft-windows-shell-sounds-dm_31bf3856ad364e35_10.0.26100.8972_none_e39d50e322cce48d\Windows Background.wav","Windows Background.wav","Windows Background","C:\Windows\WinSxS\amd64_microsoft-windows-shell-sounds-dm_31bf3856ad364e35_10.0.26100.8972_none_e39d50e322cce48d\Windows Background.wav",".wav","247668","2024-04-01T07:22:43.326Z"
"C:\","2026-10-08T20:48:23.337Z","Windows\WinSxS\amd64_microsoft-windows-shell-sounds-dm_31bf3856ad364e35_10.0.26100.8972_none_e39d50e322cce48d\Windows Foreground.wav","Windows Foreground.wav","Windows Foreground","C:\Windows\WinSxS\amd64_microsoft-windows-shell-sounds-dm_31bf3856ad364e35_10.0.26100.8972_none_e39d50e322cce48d\Windows Foreground.wav",".wav","405380","2024-04-01T07:22:44.482Z"
"C:\","2026-10-08T20:48:23.337Z","Windows\WinSxS\amd64_microsoft-windows-shell-sounds-dm_31bf3856ad364e35_10.0.26100.8972_none_e39d50e322cce48d\Windows Hardware Fail.wav","Windows Hardware Fail.wav","Windows Hardware Fail","C:\Windows\WinSxS\amd64_microsoft-windows-shell-sounds-dm_31bf3856ad364e35_10.0.26100.8972_none_e39d50e322cce48d\Windows Hardware Fail.wav",".wav","128968","2024-04-01T07:22:45.404Z"
"C:\","2026-10-08T20:48:23.337Z","Windows\WinSxS\amd64_microsoft-windows-shell-sounds-dm_31bf3856ad364e35_10.0.26100.8972_none_e39d50e322cce48d\Windows Hardware Insert.wav","Windows Hardware Insert.wav","Windows Hardware Insert","C:\Windows\WinSxS\amd64_microsoft-windows-shell-sounds-dm_31bf3856ad364e35_10.0.26100.8972_none_e39d50e322cce48d\Windows Hardware Insert.wav",".wav","125624","2024-04-01T07:22:45.826Z"
"C:\","2026-10-08T20:48:23.337Z","Windows\WinSxS\amd64_microsoft-windows-shell-sounds-dm_31bf3856ad364e35_10.0.26100.8972_none_e39d50e322cce48d\Windows Hardware Remove.wav","Windows Hardware Remove.wav","Windows Hardware Remove","C:\Windows\WinSxS\amd64_microsoft-windows-shell-sounds-dm_31bf3856ad364e35_10.0.26100.8972_none_e39d50e322cce48d\Windows Hardware Remove.wav",".wav","76584","2024-04-01T07:22:46.154Z"
"C:\","2026-10-08T20:48:23.337Z","Windows\WinSxS\amd64_microsoft-windows-shell-sounds-dm_31bf3856ad364e35_10.0.26100.8972_none_e39d50e322cce48d\Windows Notify Calendar.wav","Windows Notify Calendar.wav","Windows Notify Calendar","C:\Windows\WinSxS\amd64_microsoft-windows-shell-sounds-dm_31bf3856ad364e35_10.0.26100.8972_none_e39d50e322cce48d\Windows Notify Calendar.wav",".wav","381972","2024-04-01T07:22:41.951Z"
"C:\","2026-10-08T20:48:23.337Z","Windows\WinSxS\amd64_microsoft-windows-shell-sounds-dm_31bf3856ad364e35_10.0.26100.8972_none_e39d50e322cce48d\Windows Notify Email.wav","Windows Notify Email.wav","Windows Notify Email","C:\Windows\WinSxS\amd64_microsoft-windows-shell-sounds-dm_31bf3856ad364e35_10.0.26100.8972_none_e39d50e322cce48d\Windows Notify Email.wav",".wav","376400","2024-04-01T07:22:39.076Z"
"C:\","2026-10-08T20:48:23.337Z","Windows\WinSxS\amd64_microsoft-windows-shell-sounds-dm_31bf3856ad364e35_10.0.26100.8972_none_e39d50e322cce48d\Windows Notify Messaging.wav","Windows Notify Messaging.wav","Windows Notify Messaging","C:\Windows\WinSxS\amd64_microsoft-windows-shell-sounds-dm_31bf3856ad364e35_10.0.26100.8972_none_e39d50e322cce48d\Windows Notify Messaging.wav",".wav","359684","2024-04-01T07:22:30.138Z"
"C:\","2026-10-08T20:48:23.337Z","Windows\WinSxS\amd64_microsoft-windows-shell-sounds-dm_31bf3856ad364e35_10.0.26100.8972_none_e39d50e322cce48d\Windows Notify System Generic.wav","Windows Notify System Generic.wav","Windows Notify System Generic","C:\Windows\WinSxS\amd64_microsoft-windows-shell-sounds-dm_31bf3856ad364e35_10.0.26100.8972_none_e39d50e322cce48d\Windows Notify System Generic.wav",".wav","248228","2024-04-01T07:22:04.653Z"
"C:\","2026-10-08T20:48:23.337Z","Windows\WinSxS\amd64_microsoft-windows-shell-sounds-dm_31bf3856ad364e35_10.0.26100.8972_none_e39d50e322cce48d\Windows User Account Control.wav","Windows User Account Control.wav","Windows User Account Control","C:\Windows\WinSxS\amd64_microsoft-windows-shell-sounds-dm_31bf3856ad364e35_10.0.26100.8972_none_e39d50e322cce48d\Windows User Account Control.wav",".wav","405380","2024-04-01T07:22:46.482Z"
"C:\","2026-10-08T20:48:23.337Z","Windows\WinSxS\amd64_microsoft-windows-speech-userexperience_31bf3856ad364e35_10.0.26100.9278_none_b7e7ca19fbbd8d1e\Speech Disambiguation.wav","Speech Disambiguation.wav","Speech Disambiguation","C:\Windows\WinSxS\amd64_microsoft-windows-speech-userexperience_31bf3856ad364e35_10.0.26100.9278_none_b7e7ca19fbbd8d1e\Speech Disambiguation.wav",".wav","153644","2024-04-01T07:22:46.232Z"
"C:\","2026-10-08T20:48:23.337Z","Windows\WinSxS\amd64_microsoft-windows-speech-userexperience_31bf3856ad364e35_10.0.26100.9278_none_b7e7ca19fbbd8d1e\Speech Misrecognition.wav","Speech Misrecognition.wav","Speech Misrecognition","C:\Windows\WinSxS\amd64_microsoft-windows-speech-userexperience_31bf3856ad364e35_10.0.26100.9278_none_b7e7ca19fbbd8d1e\Speech Misrecognition.wav",".wav","71212","2024-04-01T07:22:45.904Z"
"C:\","2026-10-08T20:48:23.337Z","Windows\WinSxS\amd64_microsoft-windows-speech-userexperience_31bf3856ad364e35_10.0.26100.9278_none_b7e7ca19fbbd8d1e\Speech Off.wav","Speech Off.wav","Speech Off","C:\Windows\WinSxS\amd64_microsoft-windows-speech-userexperience_31bf3856ad364e35_10.0.26100.9278_none_b7e7ca19fbbd8d1e\Speech Off.wav",".wav","188460","2024-04-01T07:22:44.654Z"
"C:\","2026-10-08T20:48:23.337Z","Windows\WinSxS\amd64_microsoft-windows-speech-userexperience_31bf3856ad364e35_10.0.26100.9278_none_b7e7ca19fbbd8d1e\Speech On.wav","Speech On.wav","Speech On","C:\Windows\WinSxS\amd64_microsoft-windows-speech-userexperience_31bf3856ad364e35_10.0.26100.9278_none_b7e7ca19fbbd8d1e\Speech On.wav",".wav","147500","2024-04-01T07:22:43.544Z"
"C:\","2026-10-08T20:48:23.337Z","Windows\WinSxS\amd64_microsoft-windows-speech-userexperience_31bf3856ad364e35_10.0.26100.9278_none_b7e7ca19fbbd8d1e\Speech Sleep.wav","Speech Sleep.wav","Speech Sleep","C:\Windows\WinSxS\amd64_microsoft-windows-speech-userexperience_31bf3856ad364e35_10.0.26100.9278_none_b7e7ca19fbbd8d1e\Speech Sleep.wav",".wav","128812","2024-04-01T07:22:45.529Z"
"C:\","2026-10-08T20:48:23.337Z","Windows\WinSxS\amd64_microsoft-windows-speech-userexperience_31bf3856ad364e35_10.0.26100.9549_none_b7c442affbd8ae8d\Speech Disambiguation.wav","Speech Disambiguation.wav","Speech Disambiguation","C:\Windows\WinSxS\amd64_microsoft-windows-speech-userexperience_31bf3856ad364e35_10.0.26100.9549_none_b7c442affbd8ae8d\Speech Disambiguation.wav",".wav","153644","2024-04-01T07:22:46.232Z"
"C:\","2026-10-08T20:48:23.337Z","Windows\WinSxS\amd64_microsoft-windows-speech-userexperience_31bf3856ad364e35_10.0.26100.9549_none_b7c442affbd8ae8d\Speech Misrecognition.wav","Speech Misrecognition.wav","Speech Misrecognition","C:\Windows\WinSxS\amd64_microsoft-windows-speech-userexperience_31bf3856ad364e35_10.0.26100.9549_none_b7c442affbd8ae8d\Speech Misrecognition.wav",".wav","71212","2024-04-01T07:22:45.904Z"
"C:\","2026-10-08T20:48:23.337Z","Windows\WinSxS\amd64_microsoft-windows-speech-userexperience_31bf3856ad364e35_10.0.26100.9549_none_b7c442affbd8ae8d\Speech Off.wav","Speech Off.wav","Speech Off","C:\Windows\WinSxS\amd64_microsoft-windows-speech-userexperience_31bf3856ad364e35_10.0.26100.9549_none_b7c442affbd8ae8d\Speech Off.wav",".wav","188460","2024-04-01T07:22:44.654Z"
"C:\","2026-10-08T20:48:23.337Z","Windows\WinSxS\amd64_microsoft-windows-speech-userexperience_31bf3856ad364e35_10.0.26100.9549_none_b7c442affbd8ae8d\Speech On.wav","Speech On.wav","Speech On","C:\Windows\WinSxS\amd64_microsoft-windows-speech-userexperience_31bf3856ad364e35_10.0.26100.9549_none_b7c442affbd8ae8d\Speech On.wav",".wav","147500","2024-04-01T07:22:43.544Z"
"C:\","2026-10-08T20:48:23.337Z","Windows\WinSxS\amd64_microsoft-windows-speech-userexperience_31bf3856ad364e35_10.0.26100.9549_none_b7c442affbd8ae8d\Speech Sleep.wav","Speech Sleep.wav","Speech Sleep","C:\Windows\WinSxS\amd64_microsoft-windows-speech-userexperience_31bf3856ad364e35_10.0.26100.9549_none_b7c442affbd8ae8d\Speech Sleep.wav",".wav","128812","2024-04-01T07:22:45.529Z"
"C:\","2026-10-08T20:48:23.337Z","Windows\WinSxS\amd64_userexperience-core_31bf3856ad364e35_10.0.26100.1591_none_53ec4fcd7ac99448\Core\ScreenClipping\Assets\Sounds\camerashutter.wav","camerashutter.wav","camerashutter","C:\Windows\WinSxS\amd64_userexperience-core_31bf3856ad364e35_10.0.26100.1591_none_53ec4fcd7ac99448\Core\ScreenClipping\Assets\Sounds\camerashutter.wav",".wav","225786","2025-10-11T12:50:33.429Z"
"C:\","2026-10-08T20:48:23.337Z","Windows\WinSxS\amd64_userexperience-core_31bf3856ad364e35_10.0.26100.9278_none_540a2eb57ab3aa66\Core\ScreenClipping\Assets\Sounds\camerashutter.wav","camerashutter.wav","camerashutter","C:\Windows\WinSxS\amd64_userexperience-core_31bf3856ad364e35_10.0.26100.9278_none_540a2eb57ab3aa66\Core\ScreenClipping\Assets\Sounds\camerashutter.wav",".wav","225786","2025-10-11T12:50:33.429Z"
"C:\","2026-10-08T20:48:23.337Z","Windows\WinSxS\amd64_userexperience-core_31bf3856ad364e35_10.0.26100.9549_none_53e6a74b7acecbd5\Core\ScreenClipping\Assets\Sounds\camerashutter.wav","camerashutter.wav","camerashutter","C:\Windows\WinSxS\amd64_userexperience-core_31bf3856ad364e35_10.0.26100.9549_none_53e6a74b7acecbd5\Core\ScreenClipping\Assets\Sounds\camerashutter.wav",".wav","225786","2025-10-11T12:50:33.429Z"
"C:\","2026-10-08T20:48:23.337Z","Windows\WinSxS\amd64_userexperience-desktop_31bf3856ad364e35_10.0.26100.1591_none_c815e77f1a5104dd\CBS\InputApp\Assets\Dictation\BasicCancelledEarcon.wav","BasicCancelledEarcon.wav","BasicCancelledEarcon","C:\Windows\WinSxS\amd64_userexperience-desktop_31bf3856ad364e35_10.0.26100.1591_none_c815e77f1a5104dd\CBS\InputApp\Assets\Dictation\BasicCancelledEarcon.wav",".wav","17494","2025-10-11T12:50:44.391Z"
"C:\","2026-10-08T20:48:23.337Z","Windows\WinSxS\amd64_userexperience-desktop_31bf3856ad364e35_10.0.26100.1591_none_c815e77f1a5104dd\CBS\InputApp\Assets\Dictation\BasicDoneListeningEarcon.wav","BasicDoneListeningEarcon.wav","BasicDoneListeningEarcon","C:\Windows\WinSxS\amd64_userexperience-desktop_31bf3856ad364e35_10.0.26100.1591_none_c815e77f1a5104dd\CBS\InputApp\Assets\Dictation\BasicDoneListeningEarcon.wav",".wav","17852","2025-10-11T12:50:44.387Z"
"C:\","2026-10-08T20:48:23.337Z","Windows\WinSxS\amd64_userexperience-desktop_31bf3856ad364e35_10.0.26100.1591_none_c815e77f1a5104dd\CBS\InputApp\Assets\Dictation\BasicListeningEarcon.wav","BasicListeningEarcon.wav","BasicListeningEarcon","C:\Windows\WinSxS\amd64_userexperience-desktop_31bf3856ad364e35_10.0.26100.1591_none_c815e77f1a5104dd\CBS\InputApp\Assets\Dictation\BasicListeningEarcon.wav",".wav","15814","2025-10-11T12:50:44.378Z"
"C:\","2026-10-08T20:48:23.337Z","Windows\WinSxS\amd64_userexperience-desktop_31bf3856ad364e35_10.0.26100.1591_none_c815e77f1a5104dd\CBS\InputApp\Assets\KbdAccentPicker.wav","KbdAccentPicker.wav","KbdAccentPicker","C:\Windows\WinSxS\amd64_userexperience-desktop_31bf3856ad364e35_10.0.26100.1591_none_c815e77f1a5104dd\CBS\InputApp\Assets\KbdAccentPicker.wav",".wav","5684","2025-10-11T12:50:44.312Z"
"C:\","2026-10-08T20:48:23.337Z","Windows\WinSxS\amd64_userexperience-desktop_31bf3856ad364e35_10.0.26100.1591_none_c815e77f1a5104dd\CBS\InputApp\Assets\KbdFunction.wav","KbdFunction.wav","KbdFunction","C:\Windows\WinSxS\amd64_userexperience-desktop_31bf3856ad364e35_10.0.26100.1591_none_c815e77f1a5104dd\CBS\InputApp\Assets\KbdFunction.wav",".wav","2358","2025-10-11T12:50:44.312Z"
"C:\","2026-10-08T20:48:23.337Z","Windows\WinSxS\amd64_userexperience-desktop_31bf3856ad364e35_10.0.26100.1591_none_c815e77f1a5104dd\CBS\InputApp\Assets\KbdFunctionModernUX.wav","KbdFunctionModernUX.wav","KbdFunctionModernUX","C:\Windows\WinSxS\amd64_userexperience-desktop_31bf3856ad364e35_10.0.26100.1591_none_c815e77f1a5104dd\CBS\InputApp\Assets\KbdFunctionModernUX.wav",".wav","1318","2025-10-11T12:50:44.312Z"
"C:\","2026-10-08T20:48:23.337Z","Windows\WinSxS\amd64_userexperience-desktop_31bf3856ad364e35_10.0.26100.1591_none_c815e77f1a5104dd\CBS\InputApp\Assets\KbdKeyTap.wav","KbdKeyTap.wav","KbdKeyTap","C:\Windows\WinSxS\amd64_userexperience-desktop_31bf3856ad364e35_10.0.26100.1591_none_c815e77f1a5104dd\CBS\InputApp\Assets\KbdKeyTap.wav",".wav","2976","2025-10-11T12:50:44.311Z"
"C:\","2026-10-08T20:48:23.337Z","Windows\WinSxS\amd64_userexperience-desktop_31bf3856ad364e35_10.0.26100.1591_none_c815e77f1a5104dd\CBS\InputApp\Assets\KbdKeyTapModernUX.wav","KbdKeyTapModernUX.wav","KbdKeyTapModernUX","C:\Windows\WinSxS\amd64_userexperience-desktop_31bf3856ad364e35_10.0.26100.1591_none_c815e77f1a5104dd\CBS\InputApp\Assets\KbdKeyTapModernUX.wav",".wav","1776","2025-10-11T12:50:44.294Z"
"C:\","2026-10-08T20:48:23.337Z","Windows\WinSxS\amd64_userexperience-desktop_31bf3856ad364e35_10.0.26100.1591_none_c815e77f1a5104dd\CBS\InputApp\Assets\KbdSpacebar.wav","KbdSpacebar.wav","KbdSpacebar","C:\Windows\WinSxS\amd64_userexperience-desktop_31bf3856ad364e35_10.0.26100.1591_none_c815e77f1a5104dd\CBS\InputApp\Assets\KbdSpacebar.wav",".wav","2358","2025-10-11T12:50:44.294Z"
"C:\","2026-10-08T20:48:23.337Z","Windows\WinSxS\amd64_userexperience-desktop_31bf3856ad364e35_10.0.26100.1591_none_c815e77f1a5104dd\CBS\InputApp\Assets\KbdSpaceBarModernUX.wav","KbdSpaceBarModernUX.wav","KbdSpaceBarModernUX","C:\Windows\WinSxS\amd64_userexperience-desktop_31bf3856ad364e35_10.0.26100.1591_none_c815e77f1a5104dd\CBS\InputApp\Assets\KbdSpaceBarModernUX.wav",".wav","1184","2025-10-11T12:50:44.294Z"
"C:\","2026-10-08T20:48:23.337Z","Windows\WinSxS\amd64_userexperience-desktop_31bf3856ad364e35_10.0.26100.1591_none_c815e77f1a5104dd\CBS\InputApp\Assets\KbdSwipeGesture.wav","KbdSwipeGesture.wav","KbdSwipeGesture","C:\Windows\WinSxS\amd64_userexperience-desktop_31bf3856ad364e35_10.0.26100.1591_none_c815e77f1a5104dd\CBS\InputApp\Assets\KbdSwipeGesture.wav",".wav","11652","2025-10-11T12:50:44.294Z"
"C:\","2026-10-08T20:48:23.337Z","Windows\WinSxS\amd64_userexperience-desktop_31bf3856ad364e35_10.0.26100.9278_none_c833c6671a3b1afb\CBS\InputApp\Assets\Dictation\BasicCancelledEarcon.wav","BasicCancelledEarcon.wav","BasicCancelledEarcon","C:\Windows\WinSxS\amd64_userexperience-desktop_31bf3856ad364e35_10.0.26100.9278_none_c833c6671a3b1afb\CBS\InputApp\Assets\Dictation\BasicCancelledEarcon.wav",".wav","17494","2025-10-11T12:50:44.391Z"
"C:\","2026-10-08T20:48:23.337Z","Windows\WinSxS\amd64_userexperience-desktop_31bf3856ad364e35_10.0.26100.9278_none_c833c6671a3b1afb\CBS\InputApp\Assets\Dictation\BasicDoneListeningEarcon.wav","BasicDoneListeningEarcon.wav","BasicDoneListeningEarcon","C:\Windows\WinSxS\amd64_userexperience-desktop_31bf3856ad364e35_10.0.26100.9278_none_c833c6671a3b1afb\CBS\InputApp\Assets\Dictation\BasicDoneListeningEarcon.wav",".wav","17852","2025-10-11T12:50:44.387Z"
"C:\","2026-10-08T20:48:23.337Z","Windows\WinSxS\amd64_userexperience-desktop_31bf3856ad364e35_10.0.26100.9278_none_c833c6671a3b1afb\CBS\InputApp\Assets\Dictation\BasicListeningEarcon.wav","BasicListeningEarcon.wav","BasicListeningEarcon","C:\Windows\WinSxS\amd64_userexperience-desktop_31bf3856ad364e35_10.0.26100.9278_none_c833c6671a3b1afb\CBS\InputApp\Assets\Dictation\BasicListeningEarcon.wav",".wav","15814","2025-10-11T12:50:44.378Z"
"C:\","2026-10-08T20:48:23.337Z","Windows\WinSxS\amd64_userexperience-desktop_31bf3856ad364e35_10.0.26100.9278_none_c833c6671a3b1afb\CBS\InputApp\Assets\KbdAccentPicker.wav","KbdAccentPicker.wav","KbdAccentPicker","C:\Windows\WinSxS\amd64_userexperience-desktop_31bf3856ad364e35_10.0.26100.9278_none_c833c6671a3b1afb\CBS\InputApp\Assets\KbdAccentPicker.wav",".wav","5684","2025-10-11T12:50:44.312Z"
"C:\","2026-10-08T20:48:23.337Z","Windows\WinSxS\amd64_userexperience-desktop_31bf3856ad364e35_10.0.26100.9278_none_c833c6671a3b1afb\CBS\InputApp\Assets\KbdFunction.wav","KbdFunction.wav","KbdFunction","C:\Windows\WinSxS\amd64_userexperience-desktop_31bf3856ad364e35_10.0.26100.9278_none_c833c6671a3b1afb\CBS\InputApp\Assets\KbdFunction.wav",".wav","2358","2025-10-11T12:50:44.312Z"
"C:\","2026-10-08T20:48:23.337Z","Windows\WinSxS\amd64_userexperience-desktop_31bf3856ad364e35_10.0.26100.9278_none_c833c6671a3b1afb\CBS\InputApp\Assets\KbdFunctionModernUX.wav","KbdFunctionModernUX.wav","KbdFunctionModernUX","C:\Windows\WinSxS\amd64_userexperience-desktop_31bf3856ad364e35_10.0.26100.9278_none_c833c6671a3b1afb\CBS\InputApp\Assets\KbdFunctionModernUX.wav",".wav","1318","2025-10-11T12:50:44.312Z"
"C:\","2026-10-08T20:48:23.337Z","Windows\WinSxS\amd64_userexperience-desktop_31bf3856ad364e35_10.0.26100.9278_none_c833c6671a3b1afb\CBS\InputApp\Assets\KbdKeyTap.wav","KbdKeyTap.wav","KbdKeyTap","C:\Windows\WinSxS\amd64_userexperience-desktop_31bf3856ad364e35_10.0.26100.9278_none_c833c6671a3b1afb\CBS\InputApp\Assets\KbdKeyTap.wav",".wav","2976","2025-10-11T12:50:44.311Z"
"C:\","2026-10-08T20:48:23.337Z","Windows\WinSxS\amd64_userexperience-desktop_31bf3856ad364e35_10.0.26100.9278_none_c833c6671a3b1afb\CBS\InputApp\Assets\KbdKeyTapModernUX.wav","KbdKeyTapModernUX.wav","KbdKeyTapModernUX","C:\Windows\WinSxS\amd64_userexperience-desktop_31bf3856ad364e35_10.0.26100.9278_none_c833c6671a3b1afb\CBS\InputApp\Assets\KbdKeyTapModernUX.wav",".wav","1776","2025-10-11T12:50:44.294Z"
"C:\","2026-10-08T20:48:23.337Z","Windows\WinSxS\amd64_userexperience-desktop_31bf3856ad364e35_10.0.26100.9278_none_c833c6671a3b1afb\CBS\InputApp\Assets\KbdSpacebar.wav","KbdSpacebar.wav","KbdSpacebar","C:\Windows\WinSxS\amd64_userexperience-desktop_31bf3856ad364e35_10.0.26100.9278_none_c833c6671a3b1afb\CBS\InputApp\Assets\KbdSpacebar.wav",".wav","2358","2025-10-11T12:50:44.294Z"
"C:\","2026-10-08T20:48:23.337Z","Windows\WinSxS\amd64_userexperience-desktop_31bf3856ad364e35_10.0.26100.9278_none_c833c6671a3b1afb\CBS\InputApp\Assets\KbdSpaceBarModernUX.wav","KbdSpaceBarModernUX.wav","KbdSpaceBarModernUX","C:\Windows\WinSxS\amd64_userexperience-desktop_31bf3856ad364e35_10.0.26100.9278_none_c833c6671a3b1afb\CBS\InputApp\Assets\KbdSpaceBarModernUX.wav",".wav","1184","2025-10-11T12:50:44.294Z"
"C:\","2026-10-08T20:48:23.337Z","Windows\WinSxS\amd64_userexperience-desktop_31bf3856ad364e35_10.0.26100.9278_none_c833c6671a3b1afb\CBS\InputApp\Assets\KbdSwipeGesture.wav","KbdSwipeGesture.wav","KbdSwipeGesture","C:\Windows\WinSxS\amd64_userexperience-desktop_31bf3856ad364e35_10.0.26100.9278_none_c833c6671a3b1afb\CBS\InputApp\Assets\KbdSwipeGesture.wav",".wav","11652","2025-10-11T12:50:44.294Z"
"C:\","2026-10-08T20:48:23.337Z","Windows\WinSxS\amd64_userexperience-desktop_31bf3856ad364e35_10.0.26100.9549_none_c8103efd1a563c6a\CBS\InputApp\Assets\Dictation\BasicCancelledEarcon.wav","BasicCancelledEarcon.wav","BasicCancelledEarcon","C:\Windows\WinSxS\amd64_userexperience-desktop_31bf3856ad364e35_10.0.26100.9549_none_c8103efd1a563c6a\CBS\InputApp\Assets\Dictation\BasicCancelledEarcon.wav",".wav","17494","2025-10-11T12:50:44.391Z"
"C:\","2026-10-08T20:48:23.337Z","Windows\WinSxS\amd64_userexperience-desktop_31bf3856ad364e35_10.0.26100.9549_none_c8103efd1a563c6a\CBS\InputApp\Assets\Dictation\BasicDoneListeningEarcon.wav","BasicDoneListeningEarcon.wav","BasicDoneListeningEarcon","C:\Windows\WinSxS\amd64_userexperience-desktop_31bf3856ad364e35_10.0.26100.9549_none_c8103efd1a563c6a\CBS\InputApp\Assets\Dictation\BasicDoneListeningEarcon.wav",".wav","17852","2025-10-11T12:50:44.387Z"
"C:\","2026-10-08T20:48:23.337Z","Windows\WinSxS\amd64_userexperience-desktop_31bf3856ad364e35_10.0.26100.9549_none_c8103efd1a563c6a\CBS\InputApp\Assets\Dictation\BasicListeningEarcon.wav","BasicListeningEarcon.wav","BasicListeningEarcon","C:\Windows\WinSxS\amd64_userexperience-desktop_31bf3856ad364e35_10.0.26100.9549_none_c8103efd1a563c6a\CBS\InputApp\Assets\Dictation\BasicListeningEarcon.wav",".wav","15814","2025-10-11T12:50:44.378Z"
"C:\","2026-10-08T20:48:23.337Z","Windows\WinSxS\amd64_userexperience-desktop_31bf3856ad364e35_10.0.26100.9549_none_c8103efd1a563c6a\CBS\InputApp\Assets\KbdAccentPicker.wav","KbdAccentPicker.wav","KbdAccentPicker","C:\Windows\WinSxS\amd64_userexperience-desktop_31bf3856ad364e35_10.0.26100.9549_none_c8103efd1a563c6a\CBS\InputApp\Assets\KbdAccentPicker.wav",".wav","5684","2025-10-11T12:50:44.312Z"
"C:\","2026-10-08T20:48:23.337Z","Windows\WinSxS\amd64_userexperience-desktop_31bf3856ad364e35_10.0.26100.9549_none_c8103efd1a563c6a\CBS\InputApp\Assets\KbdFunction.wav","KbdFunction.wav","KbdFunction","C:\Windows\WinSxS\amd64_userexperience-desktop_31bf3856ad364e35_10.0.26100.9549_none_c8103efd1a563c6a\CBS\InputApp\Assets\KbdFunction.wav",".wav","2358","2025-10-11T12:50:44.312Z"
"C:\","2026-10-08T20:48:23.337Z","Windows\WinSxS\amd64_userexperience-desktop_31bf3856ad364e35_10.0.26100.9549_none_c8103efd1a563c6a\CBS\InputApp\Assets\KbdFunctionModernUX.wav","KbdFunctionModernUX.wav","KbdFunctionModernUX","C:\Windows\WinSxS\amd64_userexperience-desktop_31bf3856ad364e35_10.0.26100.9549_none_c8103efd1a563c6a\CBS\InputApp\Assets\KbdFunctionModernUX.wav",".wav","1318","2025-10-11T12:50:44.312Z"
"C:\","2026-10-08T20:48:23.337Z","Windows\WinSxS\amd64_userexperience-desktop_31bf3856ad364e35_10.0.26100.9549_none_c8103efd1a563c6a\CBS\InputApp\Assets\KbdKeyTap.wav","KbdKeyTap.wav","KbdKeyTap","C:\Windows\WinSxS\amd64_userexperience-desktop_31bf3856ad364e35_10.0.26100.9549_none_c8103efd1a563c6a\CBS\InputApp\Assets\KbdKeyTap.wav",".wav","2976","2025-10-11T12:50:44.311Z"
"C:\","2026-10-08T20:48:23.337Z","Windows\WinSxS\amd64_userexperience-desktop_31bf3856ad364e35_10.0.26100.9549_none_c8103efd1a563c6a\CBS\InputApp\Assets\KbdKeyTapModernUX.wav","KbdKeyTapModernUX.wav","KbdKeyTapModernUX","C:\Windows\WinSxS\amd64_userexperience-desktop_31bf3856ad364e35_10.0.26100.9549_none_c8103efd1a563c6a\CBS\InputApp\Assets\KbdKeyTapModernUX.wav",".wav","1776","2025-10-11T12:50:44.294Z"
"C:\","2026-10-08T20:48:23.337Z","Windows\WinSxS\amd64_userexperience-desktop_31bf3856ad364e35_10.0.26100.9549_none_c8103efd1a563c6a\CBS\InputApp\Assets\KbdSpacebar.wav","KbdSpacebar.wav","KbdSpacebar","C:\Windows\WinSxS\amd64_userexperience-desktop_31bf3856ad364e35_10.0.26100.9549_none_c8103efd1a563c6a\CBS\InputApp\Assets\KbdSpacebar.wav",".wav","2358","2025-10-11T12:50:44.294Z"
"C:\","2026-10-08T20:48:23.337Z","Windows\WinSxS\amd64_userexperience-desktop_31bf3856ad364e35_10.0.26100.9549_none_c8103efd1a563c6a\CBS\InputApp\Assets\KbdSpaceBarModernUX.wav","KbdSpaceBarModernUX.wav","KbdSpaceBarModernUX","C:\Windows\WinSxS\amd64_userexperience-desktop_31bf3856ad364e35_10.0.26100.9549_none_c8103efd1a563c6a\CBS\InputApp\Assets\KbdSpaceBarModernUX.wav",".wav","1184","2025-10-11T12:50:44.294Z"
"C:\","2026-10-08T20:48:23.337Z","Windows\WinSxS\amd64_userexperience-desktop_31bf3856ad364e35_10.0.26100.9549_none_c8103efd1a563c6a\CBS\InputApp\Assets\KbdSwipeGesture.wav","KbdSwipeGesture.wav","KbdSwipeGesture","C:\Windows\WinSxS\amd64_userexperience-desktop_31bf3856ad364e35_10.0.26100.9549_none_c8103efd1a563c6a\CBS\InputApp\Assets\KbdSwipeGesture.wav",".wav","11652","2025-10-11T12:50:44.294Z"
"C:\","2026-10-08T20:48:23.337Z","Windows\WinSxS\amd64_userexperience-sxs_31bf3856ad364e35_10.0.26100.9278_none_41ec4c4e726d69fd\61869836.InpApp\InputApp\Assets\Dictation\BasicCancelledEarcon.wav","BasicCancelledEarcon.wav","BasicCancelledEarcon","C:\Windows\WinSxS\amd64_userexperience-sxs_31bf3856ad364e35_10.0.26100.9278_none_41ec4c4e726d69fd\61869836.InpApp\InputApp\Assets\Dictation\BasicCancelledEarcon.wav",".wav","17494","2026-05-27T17:12:32.477Z"
"C:\","2026-10-08T20:48:23.337Z","Windows\WinSxS\amd64_userexperience-sxs_31bf3856ad364e35_10.0.26100.9278_none_41ec4c4e726d69fd\61869836.InpApp\InputApp\Assets\Dictation\BasicDoneListeningEarcon.wav","BasicDoneListeningEarcon.wav","BasicDoneListeningEarcon","C:\Windows\WinSxS\amd64_userexperience-sxs_31bf3856ad364e35_10.0.26100.9278_none_41ec4c4e726d69fd\61869836.InpApp\InputApp\Assets\Dictation\BasicDoneListeningEarcon.wav",".wav","17852","2026-05-27T17:12:32.483Z"
"C:\","2026-10-08T20:48:23.337Z","Windows\WinSxS\amd64_userexperience-sxs_31bf3856ad364e35_10.0.26100.9278_none_41ec4c4e726d69fd\61869836.InpApp\InputApp\Assets\Dictation\BasicListeningEarcon.wav","BasicListeningEarcon.wav","BasicListeningEarcon","C:\Windows\WinSxS\amd64_userexperience-sxs_31bf3856ad364e35_10.0.26100.9278_none_41ec4c4e726d69fd\61869836.InpApp\InputApp\Assets\Dictation\BasicListeningEarcon.wav",".wav","15814","2026-05-27T17:12:32.486Z"
"C:\","2026-10-08T20:48:23.337Z","Windows\WinSxS\amd64_userexperience-sxs_31bf3856ad364e35_10.0.26100.9278_none_41ec4c4e726d69fd\61869836.InpApp\InputApp\Assets\KbdAccentPicker.wav","KbdAccentPicker.wav","KbdAccentPicker","C:\Windows\WinSxS\amd64_userexperience-sxs_31bf3856ad364e35_10.0.26100.9278_none_41ec4c4e726d69fd\61869836.InpApp\InputApp\Assets\KbdAccentPicker.wav",".wav","5684","2026-05-27T17:12:32.556Z"
"C:\","2026-10-08T20:48:23.337Z","Windows\WinSxS\amd64_userexperience-sxs_31bf3856ad364e35_10.0.26100.9278_none_41ec4c4e726d69fd\61869836.InpApp\InputApp\Assets\KbdFunction.wav","KbdFunction.wav","KbdFunction","C:\Windows\WinSxS\amd64_userexperience-sxs_31bf3856ad364e35_10.0.26100.9278_none_41ec4c4e726d69fd\61869836.InpApp\InputApp\Assets\KbdFunction.wav",".wav","2358","2026-05-27T17:12:32.565Z"
"C:\","2026-10-08T20:48:23.337Z","Windows\WinSxS\amd64_userexperience-sxs_31bf3856ad364e35_10.0.26100.9278_none_41ec4c4e726d69fd\61869836.InpApp\InputApp\Assets\KbdFunctionModernUX.wav","KbdFunctionModernUX.wav","KbdFunctionModernUX","C:\Windows\WinSxS\amd64_userexperience-sxs_31bf3856ad364e35_10.0.26100.9278_none_41ec4c4e726d69fd\61869836.InpApp\InputApp\Assets\KbdFunctionModernUX.wav",".wav","1318","2026-05-27T17:12:32.569Z"
"C:\","2026-10-08T20:48:23.337Z","Windows\WinSxS\amd64_userexperience-sxs_31bf3856ad364e35_10.0.26100.9278_none_41ec4c4e726d69fd\61869836.InpApp\InputApp\Assets\KbdKeyTap.wav","KbdKeyTap.wav","KbdKeyTap","C:\Windows\WinSxS\amd64_userexperience-sxs_31bf3856ad364e35_10.0.26100.9278_none_41ec4c4e726d69fd\61869836.InpApp\InputApp\Assets\KbdKeyTap.wav",".wav","2976","2026-05-27T17:12:32.571Z"
"C:\","2026-10-08T20:48:23.337Z","Windows\WinSxS\amd64_userexperience-sxs_31bf3856ad364e35_10.0.26100.9278_none_41ec4c4e726d69fd\61869836.InpApp\InputApp\Assets\KbdKeyTapModernUX.wav","KbdKeyTapModernUX.wav","KbdKeyTapModernUX","C:\Windows\WinSxS\amd64_userexperience-sxs_31bf3856ad364e35_10.0.26100.9278_none_41ec4c4e726d69fd\61869836.InpApp\InputApp\Assets\KbdKeyTapModernUX.wav",".wav","1776","2026-05-27T17:12:32.577Z"
"C:\","2026-10-08T20:48:23.337Z","Windows\WinSxS\amd64_userexperience-sxs_31bf3856ad364e35_10.0.26100.9278_none_41ec4c4e726d69fd\61869836.InpApp\InputApp\Assets\KbdSpacebar.wav","KbdSpacebar.wav","KbdSpacebar","C:\Windows\WinSxS\amd64_userexperience-sxs_31bf3856ad364e35_10.0.26100.9278_none_41ec4c4e726d69fd\61869836.InpApp\InputApp\Assets\KbdSpacebar.wav",".wav","2358","2026-05-27T17:12:32.581Z"
"C:\","2026-10-08T20:48:23.337Z","Windows\WinSxS\amd64_userexperience-sxs_31bf3856ad364e35_10.0.26100.9278_none_41ec4c4e726d69fd\61869836.InpApp\InputApp\Assets\KbdSpaceBarModernUX.wav","KbdSpaceBarModernUX.wav","KbdSpaceBarModernUX","C:\Windows\WinSxS\amd64_userexperience-sxs_31bf3856ad364e35_10.0.26100.9278_none_41ec4c4e726d69fd\61869836.InpApp\InputApp\Assets\KbdSpaceBarModernUX.wav",".wav","1184","2026-05-27T17:12:32.585Z"
"C:\","2026-10-08T20:48:23.337Z","Windows\WinSxS\amd64_userexperience-sxs_31bf3856ad364e35_10.0.26100.9278_none_41ec4c4e726d69fd\61869836.InpApp\InputApp\Assets\KbdSwipeGesture.wav","KbdSwipeGesture.wav","KbdSwipeGesture","C:\Windows\WinSxS\amd64_userexperience-sxs_31bf3856ad364e35_10.0.26100.9278_none_41ec4c4e726d69fd\61869836.InpApp\InputApp\Assets\KbdSwipeGesture.wav",".wav","11652","2026-05-27T17:12:32.585Z"
"C:\","2026-10-08T20:48:23.337Z","Windows\WinSxS\amd64_userexperience-sxs_31bf3856ad364e35_10.0.26100.9549_none_41c8c4e472888b6c\61869836.InpApp\InputApp\Assets\Dictation\BasicCancelledEarcon.wav","BasicCancelledEarcon.wav","BasicCancelledEarcon","C:\Windows\WinSxS\amd64_userexperience-sxs_31bf3856ad364e35_10.0.26100.9549_none_41c8c4e472888b6c\61869836.InpApp\InputApp\Assets\Dictation\BasicCancelledEarcon.wav",".wav","17494","2026-05-27T17:12:32.477Z"
"C:\","2026-10-08T20:48:23.337Z","Windows\WinSxS\amd64_userexperience-sxs_31bf3856ad364e35_10.0.26100.9549_none_41c8c4e472888b6c\61869836.InpApp\InputApp\Assets\Dictation\BasicDoneListeningEarcon.wav","BasicDoneListeningEarcon.wav","BasicDoneListeningEarcon","C:\Windows\WinSxS\amd64_userexperience-sxs_31bf3856ad364e35_10.0.26100.9549_none_41c8c4e472888b6c\61869836.InpApp\InputApp\Assets\Dictation\BasicDoneListeningEarcon.wav",".wav","17852","2026-05-27T17:12:32.483Z"
"C:\","2026-10-08T20:48:23.337Z","Windows\WinSxS\amd64_userexperience-sxs_31bf3856ad364e35_10.0.26100.9549_none_41c8c4e472888b6c\61869836.InpApp\InputApp\Assets\Dictation\BasicListeningEarcon.wav","BasicListeningEarcon.wav","BasicListeningEarcon","C:\Windows\WinSxS\amd64_userexperience-sxs_31bf3856ad364e35_10.0.26100.9549_none_41c8c4e472888b6c\61869836.InpApp\InputApp\Assets\Dictation\BasicListeningEarcon.wav",".wav","15814","2026-05-27T17:12:32.486Z"
"C:\","2026-10-08T20:48:23.337Z","Windows\WinSxS\amd64_userexperience-sxs_31bf3856ad364e35_10.0.26100.9549_none_41c8c4e472888b6c\61869836.InpApp\InputApp\Assets\KbdAccentPicker.wav","KbdAccentPicker.wav","KbdAccentPicker","C:\Windows\WinSxS\amd64_userexperience-sxs_31bf3856ad364e35_10.0.26100.9549_none_41c8c4e472888b6c\61869836.InpApp\InputApp\Assets\KbdAccentPicker.wav",".wav","5684","2026-05-27T17:12:32.556Z"
"C:\","2026-10-08T20:48:23.337Z","Windows\WinSxS\amd64_userexperience-sxs_31bf3856ad364e35_10.0.26100.9549_none_41c8c4e472888b6c\61869836.InpApp\InputApp\Assets\KbdFunction.wav","KbdFunction.wav","KbdFunction","C:\Windows\WinSxS\amd64_userexperience-sxs_31bf3856ad364e35_10.0.26100.9549_none_41c8c4e472888b6c\61869836.InpApp\InputApp\Assets\KbdFunction.wav",".wav","2358","2026-05-27T17:12:32.565Z"
"C:\","2026-10-08T20:48:23.337Z","Windows\WinSxS\amd64_userexperience-sxs_31bf3856ad364e35_10.0.26100.9549_none_41c8c4e472888b6c\61869836.InpApp\InputApp\Assets\KbdFunctionModernUX.wav","KbdFunctionModernUX.wav","KbdFunctionModernUX","C:\Windows\WinSxS\amd64_userexperience-sxs_31bf3856ad364e35_10.0.26100.9549_none_41c8c4e472888b6c\61869836.InpApp\InputApp\Assets\KbdFunctionModernUX.wav",".wav","1318","2026-05-27T17:12:32.569Z"
"C:\","2026-10-08T20:48:23.337Z","Windows\WinSxS\amd64_userexperience-sxs_31bf3856ad364e35_10.0.26100.9549_none_41c8c4e472888b6c\61869836.InpApp\InputApp\Assets\KbdKeyTap.wav","KbdKeyTap.wav","KbdKeyTap","C:\Windows\WinSxS\amd64_userexperience-sxs_31bf3856ad364e35_10.0.26100.9549_none_41c8c4e472888b6c\61869836.InpApp\InputApp\Assets\KbdKeyTap.wav",".wav","2976","2026-05-27T17:12:32.571Z"
"C:\","2026-10-08T20:48:23.337Z","Windows\WinSxS\amd64_userexperience-sxs_31bf3856ad364e35_10.0.26100.9549_none_41c8c4e472888b6c\61869836.InpApp\InputApp\Assets\KbdKeyTapModernUX.wav","KbdKeyTapModernUX.wav","KbdKeyTapModernUX","C:\Windows\WinSxS\amd64_userexperience-sxs_31bf3856ad364e35_10.0.26100.9549_none_41c8c4e472888b6c\61869836.InpApp\InputApp\Assets\KbdKeyTapModernUX.wav",".wav","1776","2026-05-27T17:12:32.577Z"
"C:\","2026-10-08T20:48:23.337Z","Windows\WinSxS\amd64_userexperience-sxs_31bf3856ad364e35_10.0.26100.9549_none_41c8c4e472888b6c\61869836.InpApp\InputApp\Assets\KbdSpacebar.wav","KbdSpacebar.wav","KbdSpacebar","C:\Windows\WinSxS\amd64_userexperience-sxs_31bf3856ad364e35_10.0.26100.9549_none_41c8c4e472888b6c\61869836.InpApp\InputApp\Assets\KbdSpacebar.wav",".wav","2358","2026-05-27T17:12:32.581Z"
"C:\","2026-10-08T20:48:23.337Z","Windows\WinSxS\amd64_userexperience-sxs_31bf3856ad364e35_10.0.26100.9549_none_41c8c4e472888b6c\61869836.InpApp\InputApp\Assets\KbdSpaceBarModernUX.wav","KbdSpaceBarModernUX.wav","KbdSpaceBarModernUX","C:\Windows\WinSxS\amd64_userexperience-sxs_31bf3856ad364e35_10.0.26100.9549_none_41c8c4e472888b6c\61869836.InpApp\InputApp\Assets\KbdSpaceBarModernUX.wav",".wav","1184","2026-05-27T17:12:32.585Z"
"C:\","2026-10-08T20:48:23.337Z","Windows\WinSxS\amd64_userexperience-sxs_31bf3856ad364e35_10.0.26100.9549_none_41c8c4e472888b6c\61869836.InpApp\InputApp\Assets\KbdSwipeGesture.wav","KbdSwipeGesture.wav","KbdSwipeGesture","C:\Windows\WinSxS\amd64_userexperience-sxs_31bf3856ad364e35_10.0.26100.9549_none_41c8c4e472888b6c\61869836.InpApp\InputApp\Assets\KbdSwipeGesture.wav",".wav","11652","2026-05-27T17:12:32.585Z"